Workbook

Sheet Solar Availability and Gener GR
A1: Hr | B1: Month | C1: Solar_Availability_kW/m^2 | D1: % OF max solar availability (in July 14th) | E1: Area (m2) | F1: Generated from Pv kwh per household | G1: Generated kwh for 4.3 million households (2050) | H1: Generated kwh for 0.86 million households (2030) | I1: Generated kwh for 1.72 million households (2035) | J1: Generated kwh for 2.58 million households (2035) | K1: Generated kwh for 3.44 million households (2035)
A2: 1 | B2: Jan | C2: 0 | D2: 0 | E2: =1*(4000/200) -> 20 | F2: =E2*C2*0.18 -> 0 | G2: =F2*4300000 -> 0 | H2: =(4300000*5/25)*F2 -> 0 | I2: =(4300000*10/25)*F2 -> 0 | J2: =F2*2580000 -> 0 | K2: =F2*3440000 -> 0
A3: 2 | B3: Jan | C3: 0 | D3: 0 | E3: =1*(4000/200) -> 20 | F3: =E3*C3*0.18 -> 0 | G3: =F3*4300000 -> 0 | H3: =(4300000*5/25)*F3 -> 0 | I3: =(4300000*10/25)*F3 -> 0 | J3: =F3*2580000 -> 0 | K3: =F3*3440000 -> 0
A4: 3 | B4: Jan | C4: 0 | D4: 0 | E4: =1*(4000/200) -> 20 | F4: =E4*C4*0.18 -> 0 | G4: =F4*4300000 -> 0 | H4: =(4300000*5/25)*F4 -> 0 | I4: =(4300000*10/25)*F4 -> 0 | J4: =F4*2580000 -> 0 | K4: =F4*3440000 -> 0
A5: 4 | B5: Jan | C5: 0 | D5: 0 | E5: =1*(4000/200) -> 20 | F5: =E5*C5*0.18 -> 0 | G5: =F5*4300000 -> 0 | H5: =(4300000*5/25)*F5 -> 0 | I5: =(4300000*10/25)*F5 -> 0 | J5: =F5*2580000 -> 0 | K5: =F5*3440000 -> 0
A6: 5 | B6: Jan | C6: 0 | D6: 0 | E6: =1*(4000/200) -> 20 | F6: =E6*C6*0.18 -> 0 | G6: =F6*4300000 -> 0 | H6: =(4300000*5/25)*F6 -> 0 | I6: =(4300000*10/25)*F6 -> 0 | J6: =F6*2580000 -> 0 | K6: =F6*3440000 -> 0
A7: 6 | B7: Jan | C7: 0 | D7: 0 | E7: =1*(4000/200) -> 20 | F7: =E7*C7*0.18 -> 0 | G7: =F7*4300000 -> 0 | H7: =(4300000*5/25)*F7 -> 0 | I7: =(4300000*10/25)*F7 -> 0 | J7: =F7*2580000 -> 0 | K7: =F7*3440000 -> 0
A8: 7 | B8: Jan | C8: 0.01 | D8: 1.1012385 | E8: =1*(4000/200) -> 20 | F8: =E8*C8*0.18 -> 0.036 | G8: =F8*4300000 -> 154800 | H8: =(4300000*5/25)*F8 -> 30960 | I8: =(4300000*10/25)*F8 -> 61920 | J8: =F8*2580000 -> 92880 | K8: =F8*3440000 -> 123840
A9: 8 | B9: Jan | C9: 0.02 | D9: 2.202477 | E9: =1*(4000/200) -> 20 | F9: =E9*C9*0.18 -> 0.072 | G9: =F9*4300000 -> 309600 | H9: =(4300000*5/25)*F9 -> 61920 | I9: =(4300000*10/25)*F9 -> 123840 | J9: =F9*2580000 -> 185760 | K9: =F9*3440000 -> 247680
A10: 9 | B10: Jan | C10: 0.03 | D10: 3.3037156 | E10: =1*(4000/200) -> 20 | F10: =E10*C10*0.18 -> 0.108 | G10: =F10*4300000 -> 464400 | H10: =(4300000*5/25)*F10 -> 92880 | I10: =(4300000*10/25)*F10 -> 185760 | J10: =F10*2580000 -> 278640 | K10: =F10*3440000 -> 371520
A11: 10 | B11: Jan | C11: 0.049493308 | D11: 5.4503938 | E11: =1*(4000/200) -> 20 | F11: =E11*C11*0.18 -> 0.17817591 | G11: =F11*4300000 -> 766156.41 | H11: =(4300000*5/25)*F11 -> 153231.28 | I11: =(4300000*10/25)*F11 -> 306462.57 | J11: =F11*2580000 -> 459693.85 | K11: =F11*3440000 -> 612925.13
A12: 11 | B12: Jan | C12: 0.16905917 | D12: 18.617447 | E12: =1*(4000/200) -> 20 | F12: =E12*C12*0.18 -> 0.60861302 | G12: =F12*4300000 -> 2617036 | H12: =(4300000*5/25)*F12 -> 523407.19 | I12: =(4300000*10/25)*F12 -> 1046814.4 | J12: =F12*2580000 -> 1570221.6 | K12: =F12*3440000 -> 2093628.8
A13: 12 | B13: Jan | C13: 0.299 | D13: 32.927032 | E13: =1*(4000/200) -> 20 | F13: =E13*C13*0.18 -> 1.0764 | G13: =F13*4300000 -> 4628520 | H13: =(4300000*5/25)*F13 -> 925704 | I13: =(4300000*10/25)*F13 -> 1851408 | J13: =F13*2580000 -> 2777112 | K13: =F13*3440000 -> 3702816
... A44: 19 | B44: Feb | C44: 0.038 | D44: 4.1847064 | E44: =1*(4000/200) -> 20 | F44: =E44*C44*0.18 -> 0.1368 | G44: =F44*4300000 -> 588240 | H44: =(4300000*5/25)*F44 -> 117648 | I44: =(4300000*10/25)*F44 -> 235296 | J44: =F44*2580000 -> 352944 | K44: =F44*3440000 -> 470592
A45: 20 | B45: Feb | D45: 0 | E45: =1*(4000/200) -> 20 | F45: =E45*C45*0.18 -> 0 | G45: =F45*4300000 -> 0 | H45: =(4300000*5/25)*F45 -> 0 | I45: =(4300000*10/25)*F45 -> 0 | J45: =F45*2580000 -> 0 | K45: =F45*3440000 -> 0
A46: 21 | B46: Feb | D46: 0 | E46: =1*(4000/200) -> 20 | F46: =E46*C46*0.18 -> 0 | G46: =F46*4300000 -> 0 | H46: =(4300000*5/25)*F46 -> 0 | I46: =(4300000*10/25)*F46 -> 0 | J46: =F46*2580000 -> 0 | K46: =F46*3440000 -> 0
A47: 22 | B47: Feb | D47: 0 | E47: =1*(4000/200) -> 20 | F47: =E47*C47*0.18 -> 0 | G47: =F47*4300000 -> 0 | H47: =(4300000*5/25)*F47 -> 0 | I47: =(4300000*10/25)*F47 -> 0 | J47: =F47*2580000 -> 0 | K47: =F47*3440000 -> 0
A48: 23 | B48: Feb | D48: 0 | E48: =1*(4000/200) -> 20 | F48: =E48*C48*0.18 -> 0 | G48: =F48*4300000 -> 0 | H48: =(4300000*5/25)*F48 -> 0 | I48: =(4300000*10/25)*F48 -> 0 | J48: =F48*2580000 -> 0 | K48: =F48*3440000 -> 0
A49: 24 | B49: Feb | D49: 0 | E49: =1*(4000/200) -> 20 | F49: =E49*C49*0.18 -> 0 | G49: =F49*4300000 -> 0 | H49: =(4300000*5/25)*F49 -> 0 | I49: =(4300000*10/25)*F49 -> 0 | J49: =F49*2580000 -> 0 | K49: =F49*3440000 -> 0
A50: 1 | B50: March | D50: 0 | E50: =1*(4000/200) -> 20 | F50: =E50*C50*0.18 -> 0 | G50: =F50*4300000 -> 0 | H50: =(4300000*5/25)*F50 -> 0 | I50: =(4300000*10/25)*F50 -> 0 | J50: =F50*2580000 -> 0 | K50: =F50*3440000 -> 0
A51: 2 | B51: March | D51: 0 | E51: =1*(4000/200) -> 20 | F51: =E51*C51*0.18 -> 0 | G51: =F51*4300000 -> 0 | H51: =(4300000*5/25)*F51 -> 0 | I51: =(4300000*10/25)*F51 -> 0 | J51: =F51*2580000 -> 0 | K51: =F51*3440000 -> 0
A52: 3 | B52: March | D52: 0 | E52: =1*(4000/200) -> 20 | F52: =E52*C52*0.18 -> 0 | G52: =F52*4300000 -> 0 | H52: =(4300000*5/25)*F52 -> 0 | I52: =(4300000*10/25)*F52 -> 0 | J52: =F52*2580000 -> 0 | K52: =F52*3440000 -> 0
A53: 4 | B53: March | D53: 0 | E53: =1*(4000/200) -> 20 | F53: =E53*C53*0.18 -> 0 | G53: =F53*4300000 -> 0 | H53: =(4300000*5/25)*F53 -> 0 | I53: =(4300000*10/25)*F53 -> 0 | J53: =F53*2580000 -> 0 | K53: =F53*3440000 -> 0
A54: 5 | B54: March | D54: 0 | E54: =1*(4000/200) -> 20 | F54: =E54*C54*0.18 -> 0 | G54: =F54*4300000 -> 0 | H54: =(4300000*5/25)*F54 -> 0 | I54: =(4300000*10/25)*F54 -> 0 | J54: =F54*2580000 -> 0 | K54: =F54*3440000 -> 0
A55: 6 | B55: March | D55: 0 | E55: =1*(4000/200) -> 20 | F55: =E55*C55*0.18 -> 0 | G55: =F55*4300000 -> 0 | H55: =(4300000*5/25)*F55 -> 0 | I55: =(4300000*10/25)*F55 -> 0 | J55: =F55*2580000 -> 0 | K55: =F55*3440000 -> 0
A56: 7 | B56: March | D56: 0 | E56: =1*(4000/200) -> 20 | F56: =E56*C56*0.18 -> 0 | G56: =F56*4300000 -> 0 | H56: =(4300000*5/25)*F56 -> 0 | I56: =(4300000*10/25)*F56 -> 0 | J56: =F56*2580000 -> 0 | K56: =F56*3440000 -> 0
A57: 8 | B57: March | C57: 0.0045 | D57: 0.49555733 | E57: =1*(4000/200) -> 20 | F57: =E57*C57*0.18 -> 0.0162 | G57: =F57*4300000 -> 69660 | H57: =(4300000*5/25)*F57 -> 13932 | I57: =(4300000*10/25)*F57 -> 27864 | J57: =F57*2580000 -> 41796 | K57: =F57*3440000 -> 55728
A58: 9 | B58: March | C58: 0.068 | D58: 7.4884219 | E58: =1*(4000/200) -> 20 | F58: =E58*C58*0.18 -> 0.2448 | G58: =F58*4300000 -> 1052640 | H58: =(4300000*5/25)*F58 -> 210528 | I58: =(4300000*10/25)*F58 -> 421056 | J58: =F58*2580000 -> 631584 | K58: =F58*3440000 -> 842112
A59: 10 | B59: March | C59: 0.211 | D59: 23.236133 | E59: =1*(4000/200) -> 20 | F59: =E59*C59*0.18 -> 0.7596 | G59: =F59*4300000 -> 3266280 | H59: =(4300000*5/25)*F59 -> 653256 | I59: =(4300000*10/25)*F59 -> 1306512 | J59: =F59*2580000 -> 1959768 | K59: =F59*3440000 -> 2613024
A60: 11 | B60: March | C60: 0.398 | D60: 43.829293 | E60: =1*(4000/200) -> 20 | F60: =E60*C60*0.18 -> 1.4328 | G60: =F60*4300000 -> 6161040 | H60: =(4300000*5/25)*F60 -> 1232208 | I60: =(4300000*10/25)*F60 -> 2464416 | J60: =F60*2580000 -> 3696624 | K60: =F60*3440000 -> 4928832
A61: 12 | B61: March | C61: 0.531 | D61: 58.475765 | E61: =1*(4000/200) -> 20 | F61: =E61*C61*0.18 -> 1.9116 | G61: =F61*4300000 -> 8219880 | H61: =(4300000*5/25)*F61 -> 1643976 | I61: =(4300000*10/25)*F61 -> 3287952 | J61: =F61*2580000 -> 4931928 | K61: =F61*3440000 -> 6575904
A62: 13 | B62: March | C62: 0.608 | D62: 66.955302 | E62: =1*(4000/200) -> 20 | F62: =E62*C62*0.18 -> 2.1888 | G62: =F62*4300000 -> 9411840 | H62: =(4300000*5/25)*F62 -> 1882368 | I62: =(4300000*10/25)*F62 -> 3764736 | J62: =F62*2580000 -> 5647104 | K62: =F62*3440000 -> 7529472
A63: 14 | B63: March | C63: 0.653 | D63: 71.910875 | E63: =1*(4000/200) -> 20 | F63: =E63*C63*0.18 -> 2.3508 | G63: =F63*4300000 -> 10108440 | H63: =(4300000*5/25)*F63 -> 2021688 | I63: =(4300000*10/25)*F63 -> 4043376 | J63: =F63*2580000 -> 6065064 | K63: =F63*3440000 -> 8086752
A64: 15 | B64: March | C64: 0.621 | D64: 68.386912 | E64: =1*(4000/200) -> 20 | F64: =E64*C64*0.18 -> 2.2356 | G64: =F64*4300000 -> 9613080 | H64: =(4300000*5/25)*F64 -> 1922616 | I64: =(4300000*10/25)*F64 -> 3845232 | J64: =F64*2580000 -> 5767848 | K64: =F64*3440000 -> 7690464
A65: 16 | B65: March | C65: 0.541 | D65: 59.577004 | E65: =1*(4000/200) -> 20 | F65: =E65*C65*0.18 -> 1.9476 | G65: =F65*4300000 -> 8374680 | H65: =(4300000*5/25)*F65 -> 1674936 | I65: =(4300000*10/25)*F65 -> 3349872 | J65: =F65*2580000 -> 5024808 | K65: =F65*3440000 -> 6699744
A66: 17 | B66: March | C66: 0.418 | D66: 46.03177 | E66: =1*(4000/200) -> 20 | F66: =E66*C66*0.18 -> 1.5048 | G66: =F66*4300000 -> 6470640 | H66: =(4300000*5/25)*F66 -> 1294128 | I66: =(4300000*10/25)*F66 -> 2588256 | J66: =F66*2580000 -> 3882384 | K66: =F66*3440000 -> 5176512
A67: 18 | B67: March | C67: 0.261 | D67: 28.742325 | E67: =1*(4000/200) -> 20 | F67: =E67*C67*0.18 -> 0.9396 | G67: =F67*4300000 -> 4040280 | H67: =(4300000*5/25)*F67 -> 808056 | I67: =(4300000*10/25)*F67 -> 1616112 | J67: =F67*2580000 -> 2424168 | K67: =F67*3440000 -> 3232224
A68: 19 | B68: March | C68: 0.096 | D68: 10.57189 | E68: =1*(4000/200) -> 20 | F68: =E68*C68*0.18 -> 0.3456 | G68: =F68*4300000 -> 1486080 | H68: =(4300000*5/25)*F68 -> 297216 | I68: =(4300000*10/25)*F68 -> 594432 | J68: =F68*2580000 -> 891648 | K68: =F68*3440000 -> 1188864
A69: 20 | B69: March | C69: 0.008 | D69: 0.88099082 | E69: =1*(4000/200) -> 20 | F69: =E69*C69*0.18 -> 0.0288 | G69: =F69*4300000 -> 123840 | H69: =(4300000*5/25)*F69 -> 24768 | I69: =(4300000*10/25)*F69 -> 49536 | J69: =F69*2580000 -> 74304 | K69: =F69*3440000 -> 99072
A70: 21 | B70: March | D70: 0 | E70: =1*(4000/200) -> 20 | F70: =E70*C70*0.18 -> 0 | G70: =F70*4300000 -> 0 | H70: =(4300000*5/25)*F70 -> 0 | I70: =(4300000*10/25)*F70 -> 0 | J70: =F70*2580000 -> 0 | K70: =F70*3440000 -> 0
A71: 22 | B71: March | D71: 0 | E71: =1*(4000/200) -> 20 | F71: =E71*C71*0.18 -> 0 | G71: =F71*4300000 -> 0 | H71: =(4300000*5/25)*F71 -> 0 | I71: =(4300000*10/25)*F71 -> 0 | J71: =F71*2580000 -> 0 | K71: =F71*3440000 -> 0
A72: 23 | B72: March | D72: 0 | E72: =1*(4000/200) -> 20 | F72: =E72*C72*0.18 -> 0 | G72: =F72*4300000 -> 0 | H72: =(4300000*5/25)*F72 -> 0 | I72: =(4300000*10/25)*F72 -> 0 | J72: =F72*2580000 -> 0 | K72: =F72*3440000 -> 0
A73: 24 | B73: March | D73: 0 | E73: =1*(4000/200) -> 20 | F73: =E73*C73*0.18 -> 0 | G73: =F73*4300000 -> 0 | H73: =(4300000*5/25)*F73 -> 0 | I73: =(4300000*10/25)*F73 -> 0 | J73: =F73*2580000 -> 0 | K73: =F73*3440000 -> 0
A74: 1 | B74: April | D74: 0 | E74: =1*(4000/200) -> 20 | F74: =E74*C74*0.18 -> 0 | G74: =F74*4300000 -> 0 | H74: =(4300000*5/25)*F74 -> 0 | I74: =(4300000*10/25)*F74 -> 0 | J74: =F74*2580000 -> 0 | K74: =F74*3440000 -> 0
A75: 2 | B75: April | D75: 0 | E75: =1*(4000/200) -> 20 | F75: =E75*C75*0.18 -> 0 | G75: =F75*4300000 -> 0 | H75: =(4300000*5/25)*F75 -> 0 | I75: =(4300000*10/25)*F75 -> 0 | J75: =F75*2580000 -> 0 | K75: =F75*3440000 -> 0
A76: 3 | B76: April | D76: 0 | E76: =1*(4000/200) -> 20 | F76: =E76*C76*0.18 -> 0 | G76: =F76*4300000 -> 0 | H76: =(4300000*5/25)*F76 -> 0 | I76: =(4300000*10/25)*F76 -> 0 | J76: =F76*2580000 -> 0 | K76: =F76*3440000 -> 0
A77: 4 | B77: April | D77: 0 | E77: =1*(4000/200) -> 20 | F77: =E77*C77*0.18 -> 0 | G77: =F77*4300000 -> 0 | H77: =(4300000*5/25)*F77 -> 0 | I77: =(4300000*10/25)*F77 -> 0 | J77: =F77*2580000 -> 0 | K77: =F77*3440000 -> 0
A78: 5 | B78: April | D78: 0 | E78: =1*(4000/200) -> 20 | F78: =E78*C78*0.18 -> 0 | G78: =F78*4300000 -> 0 | H78: =(4300000*5/25)*F78 -> 0 | I78: =(4300000*10/25)*F78 -> 0 | J78: =F78*2580000 -> 0 | K78: =F78*3440000 -> 0
A79: 6 | B79: April | D79: 0 | E79: =1*(4000/200) -> 20 | F79: =E79*C79*0.18 -> 0 | G79: =F79*4300000 -> 0 | H79: =(4300000*5/25)*F79 -> 0 | I79: =(4300000*10/25)*F79 -> 0 | J79: =F79*2580000 -> 0 | K79: =F79*3440000 -> 0
A80: 7 | B80: April | D80: 0 | E80: =1*(4000/200) -> 20 | F80: =E80*C80*0.18 -> 0 | G80: =F80*4300000 -> 0 | H80: =(4300000*5/25)*F80 -> 0 | I80: =(4300000*10/25)*F80 -> 0 | J80: =F80*2580000 -> 0 | K80: =F80*3440000 -> 0
A81: 8 | B81: April | C81: 0.036 | D81: 3.9644587 | E81: =1*(4000/200) -> 20 | F81: =E81*C81*0.18 -> 0.1296 | G81: =F81*4300000 -> 557280 | H81: =(4300000*5/25)*F81 -> 111456 | I81: =(4300000*10/25)*F81 -> 222912 | J81: =F81*2580000 -> 334368 | K81: =F81*3440000 -> 445824
A82: 9 | B82: April | C82: 0.153 | D82: 16.848949 | E82: =1*(4000/200) -> 20 | F82: =E82*C82*0.18 -> 0.5508 | G82: =F82*4300000 -> 2368440 | H82: =(4300000*5/25)*F82 -> 473688 | I82: =(4300000*10/25)*F82 -> 947376 | J82: =F82*2580000 -> 1421064 | K82: =F82*3440000 -> 1894752
A83: 10 | B83: April | C83: 0.297 | D83: 32.706784 | E83: =1*(4000/200) -> 20 | F83: =E83*C83*0.18 -> 1.0692 | G83: =F83*4300000 -> 4597560 | H83: =(4300000*5/25)*F83 -> 919512 | I83: =(4300000*10/25)*F83 -> 1839024 | J83: =F83*2580000 -> 2758536 | K83: =F83*3440000 -> 3678048
A84: 11 | B84: April | C84: 0.525 | D84: 57.815022 | E84: =1*(4000/200) -> 20 | F84: =E84*C84*0.18 -> 1.89 | G84: =F84*4300000 -> 8127000 | H84: =(4300000*5/25)*F84 -> 1625400 | I84: =(4300000*10/25)*F84 -> 3250800 | J84: =F84*2580000 -> 4876200 | K84: =F84*3440000 -> 6501600
A85: 12 | B85: April | C85: 0.674 | D85: 74.223476 | E85: =1*(4000/200) -> 20 | F85: =E85*C85*0.18 -> 2.4264 | G85: =F85*4300000 -> 10433520 | H85: =(4300000*5/25)*F85 -> 2086704 | I85: =(4300000*10/25)*F85 -> 4173408 | J85: =F85*2580000 -> 6260112 | K85: =F85*3440000 -> 8346816
A86: 13 | B86: April | C86: 0.743 | D86: 81.822022 | E86: =1*(4000/200) -> 20 | F86: =E86*C86*0.18 -> 2.6748 | G86: =F86*4300000 -> 11501640 | H86: =(4300000*5/25)*F86 -> 2300328 | I86: =(4300000*10/25)*F86 -> 4600656 | J86: =F86*2580000 -> 6900984 | K86: =F86*3440000 -> 9201312
A87: 14 | B87: April | C87: 0.775 | D87: 85.345985 | E87: =1*(4000/200) -> 20 | F87: =E87*C87*0.18 -> 2.79 | G87: =F87*4300000 -> 11997000 | H87: =(4300000*5/25)*F87 -> 2399400 | I87: =(4300000*10/25)*F87 -> 4798800 | J87: =F87*2580000 -> 7198200 | K87: =F87*3440000 -> 9597600
A88: 15 | B88: April | C88: 0.732 | D88: 80.61066 | E88: =1*(4000/200) -> 20 | F88: =E88*C88*0.18 -> 2.6352 | G88: =F88*4300000 -> 11331360 | H88: =(4300000*5/25)*F88 -> 2266272 | I88: =(4300000*10/25)*F88 -> 4532544 | J88: =F88*2580000 -> 6798816 | K88: =F88*3440000 -> 9065088
A89: 16 | B89: April | C89: 0.653 | D89: 71.910875 | E89: =1*(4000/200) -> 20 | F89: =E89*C89*0.18 -> 2.3508 | G89: =F89*4300000 -> 10108440 | H89: =(4300000*5/25)*F89 -> 2021688 | I89: =(4300000*10/25)*F89 -> 4043376 | J89: =F89*2580000 -> 6065064 | K89: =F89*3440000 -> 8086752
A90: 17 | B90: April | C90: 0.535 | D90: 58.916261 | E90: =1*(4000/200) -> 20 | F90: =E90*C90*0.18 -> 1.926 | G90: =F90*4300000 -> 8281800 | H90: =(4300000*5/25)*F90 -> 1656360 | I90: =(4300000*10/25)*F90 -> 3312720 | J90: =F90*2580000 -> 4969080 | K90: =F90*3440000 -> 6625440
A91: 18 | B91: April | C91: 0.365 | D91: 40.195206 | E91: =1*(4000/200) -> 20 | F91: =E91*C91*0.18 -> 1.314 | G91: =F91*4300000 -> 5650200 | H91: =(4300000*5/25)*F91 -> 1130040 | I91: =(4300000*10/25)*F91 -> 2260080 | J91: =F91*2580000 -> 3390120 | K91: =F91*3440000 -> 4520160
A92: 19 | B92: April | C92: 0.187 | D92: 20.59316 | E92: =1*(4000/200) -> 20 | F92: =E92*C92*0.18 -> 0.6732 | G92: =F92*4300000 -> 2894760 | H92: =(4300000*5/25)*F92 -> 578952 | I92: =(4300000*10/25)*F92 -> 1157904 | J92: =F92*2580000 -> 1736856 | K92: =F92*3440000 -> 2315808
... A94: 21 | B94: April | C94: 0.00034 | D94: 0.03744211 | E94: =1*(4000/200) -> 20 | F94: =E94*C94*0.18 -> 0.001224 | G94: =F94*4300000 -> 5263.2 | H94: =(4300000*5/25)*F94 -> 1052.64 | I94: =(4300000*10/25)*F94 -> 2105.28 | J94: =F94*2580000 -> 3157.92 | K94: =F94*3440000 -> 4210.56
A95: 22 | B95: April | D95: 0 | E95: =1*(4000/200) -> 20 | F95: =E95*C95*0.18 -> 0 | G95: =F95*4300000 -> 0 | H95: =(4300000*5/25)*F95 -> 0 | I95: =(4300000*10/25)*F95 -> 0 | J95: =F95*2580000 -> 0 | K95: =F95*3440000 -> 0
A96: 23 | B96: April | D96: 0 | E96: =1*(4000/200) -> 20 | F96: =E96*C96*0.18 -> 0 | G96: =F96*4300000 -> 0 | H96: =(4300000*5/25)*F96 -> 0 | I96: =(4300000*10/25)*F96 -> 0 | J96: =F96*2580000 -> 0 | K96: =F96*3440000 -> 0
A97: 24 | B97: April | D97: 0 | E97: =1*(4000/200) -> 20 | F97: =E97*C97*0.18 -> 0 | G97: =F97*4300000 -> 0 | H97: =(4300000*5/25)*F97 -> 0 | I97: =(4300000*10/25)*F97 -> 0 | J97: =F97*2580000 -> 0 | K97: =F97*3440000 -> 0
A98: 1 | B98: May | D98: 0 | E98: =1*(4000/200) -> 20 | F98: =E98*C98*0.18 -> 0 | G98: =F98*4300000 -> 0 | H98: =(4300000*5/25)*F98 -> 0 | I98: =(4300000*10/25)*F98 -> 0 | J98: =F98*2580000 -> 0 | K98: =F98*3440000 -> 0
A99: 2 | B99: May | D99: 0 | E99: =1*(4000/200) -> 20 | F99: =E99*C99*0.18 -> 0 | G99: =F99*4300000 -> 0 | H99: =(4300000*5/25)*F99 -> 0 | I99: =(4300000*10/25)*F99 -> 0 | J99: =F99*2580000 -> 0 | K99: =F99*3440000 -> 0
A100: 3 | B100: May | D100: 0 | E100: =1*(4000/200) -> 20 | F100: =E100*C100*0.18 -> 0 | G100: =F100*4300000 -> 0 | H100: =(4300000*5/25)*F100 -> 0 | I100: =(4300000*10/25)*F100 -> 0 | J100: =F100*2580000 -> 0 | K100: =F100*3440000 -> 0
A101: 4 | B101: May | D101: 0 | E101: =1*(4000/200) -> 20 | F101: =E101*C101*0.18 -> 0 | G101: =F101*4300000 -> 0 | H101: =(4300000*5/25)*F101 -> 0 | I101: =(4300000*10/25)*F101 -> 0 | J101: =F101*2580000 -> 0 | K101: =F101*3440000 -> 0
A102: 5 | B102: May | D102: 0 | E102: =1*(4000/200) -> 20 | F102: =E102*C102*0.18 -> 0 | G102: =F102*4300000 -> 0 | H102: =(4300000*5/25)*F102 -> 0 | I102: =(4300000*10/25)*F102 -> 0 | J102: =F102*2580000 -> 0 | K102: =F102*3440000 -> 0
A103: 6 | B103: May | D103: 0 | E103: =1*(4000/200) -> 20 | F103: =E103*C103*0.18 -> 0 | G103: =F103*4300000 -> 0 | H103: =(4300000*5/25)*F103 -> 0 | I103: =(4300000*10/25)*F103 -> 0 | J103: =F103*2580000 -> 0 | K103: =F103*3440000 -> 0
A104: 7 | B104: May | C104: 0.015 | D104: 1.6518578 | E104: =1*(4000/200) -> 20 | F104: =E104*C104*0.18 -> 0.054 | G104: =F104*4300000 -> 232200 | H104: =(4300000*5/25)*F104 -> 46440 | I104: =(4300000*10/25)*F104 -> 92880 | J104: =F104*2580000 -> 139320 | K104: =F104*3440000 -> 185760
A105: 8 | B105: May | C105: 0.092 | D105: 10.131394 | E105: =1*(4000/200) -> 20 | F105: =E105*C105*0.18 -> 0.3312 | G105: =F105*4300000 -> 1424160 | H105: =(4300000*5/25)*F105 -> 284832 | I105: =(4300000*10/25)*F105 -> 569664 | J105: =F105*2580000 -> 854496 | K105: =F105*3440000 -> 1139328
A106: 9 | B106: May | C106: 0.206 | D106: 22.685514 | E106: =1*(4000/200) -> 20 | F106: =E106*C106*0.18 -> 0.7416 | G106: =F106*4300000 -> 3188880 | H106: =(4300000*5/25)*F106 -> 637776 | I106: =(4300000*10/25)*F106 -> 1275552 | J106: =F106*2580000 -> 1913328 | K106: =F106*3440000 -> 2551104
A107: 10 | B107: May | C107: 0.366 | D107: 40.30533 | E107: =1*(4000/200) -> 20 | F107: =E107*C107*0.18 -> 1.3176 | G107: =F107*4300000 -> 5665680 | H107: =(4300000*5/25)*F107 -> 1133136 | I107: =(4300000*10/25)*F107 -> 2266272 | J107: =F107*2580000 -> 3399408 | K107: =F107*3440000 -> 4532544
A108: 11 | B108: May | C108: 0.6 | D108: 66.074311 | E108: =1*(4000/200) -> 20 | F108: =E108*C108*0.18 -> 2.16 | G108: =F108*4300000 -> 9288000 | H108: =(4300000*5/25)*F108 -> 1857600 | I108: =(4300000*10/25)*F108 -> 3715200 | J108: =F108*2580000 -> 5572800 | K108: =F108*3440000 -> 7430400
A109: 12 | B109: May | C109: 0.738 | D109: 81.271403 | E109: =1*(4000/200) -> 20 | F109: =E109*C109*0.18 -> 2.6568 | G109: =F109*4300000 -> 11424240 | H109: =(4300000*5/25)*F109 -> 2284848 | I109: =(4300000*10/25)*F109 -> 4569696 | J109: =F109*2580000 -> 6854544 | K109: =F109*3440000 -> 9139392
A110: 13 | B110: May | C110: 0.812 | D110: 89.420568 | E110: =1*(4000/200) -> 20 | F110: =E110*C110*0.18 -> 2.9232 | G110: =F110*4300000 -> 12569760 | H110: =(4300000*5/25)*F110 -> 2513952 | I110: =(4300000*10/25)*F110 -> 5027904 | J110: =F110*2580000 -> 7541856 | K110: =F110*3440000 -> 10055808
A111: 14 | B111: May | C111: 0.828 | D111: 91.18255 | E111: =1*(4000/200) -> 20 | F111: =E111*C111*0.18 -> 2.9808 | G111: =F111*4300000 -> 12817440 | H111: =(4300000*5/25)*F111 -> 2563488 | I111: =(4300000*10/25)*F111 -> 5126976 | J111: =F111*2580000 -> 7690464 | K111: =F111*3440000 -> 10253952
A112: 15 | B112: May | C112: 0.78 | D112: 85.896605 | E112: =1*(4000/200) -> 20 | F112: =E112*C112*0.18 -> 2.808 | G112: =F112*4300000 -> 12074400 | H112: =(4300000*5/25)*F112 -> 2414880 | I112: =(4300000*10/25)*F112 -> 4829760 | J112: =F112*2580000 -> 7244640 | K112: =F112*3440000 -> 9659520
A113: 16 | B113: May | C113: 0.7 | D113: 77.086697 | E113: =1*(4000/200) -> 20 | F113: =E113*C113*0.18 -> 2.52 | G113: =F113*4300000 -> 10836000 | H113: =(4300000*5/25)*F113 -> 2167200 | I113: =(4300000*10/25)*F113 -> 4334400 | J113: =F113*2580000 -> 6501600 | K113: =F113*3440000 -> 8668800
A114: 17 | B114: May | C114: 0.583 | D114: 64.202206 | E114: =1*(4000/200) -> 20 | F114: =E114*C114*0.18 -> 2.0988 | G114: =F114*4300000 -> 9024840 | H114: =(4300000*5/25)*F114 -> 1804968 | I114: =(4300000*10/25)*F114 -> 3609936 | J114: =F114*2580000 -> 5414904 | K114: =F114*3440000 -> 7219872
A115: 18 | B115: May | C115: 0.413 | D115: 45.481151 | E115: =1*(4000/200) -> 20 | F115: =E115*C115*0.18 -> 1.4868 | G115: =F115*4300000 -> 6393240 | H115: =(4300000*5/25)*F115 -> 1278648 | I115: =(4300000*10/25)*F115 -> 2557296 | J115: =F115*2580000 -> 3835944 | K115: =F115*3440000 -> 5114592
... A118: 21 | B118: May | C118: 0.006 | D118: 0.66074311 | E118: =1*(4000/200) -> 20 | F118: =E118*C118*0.18 -> 0.0216 | G118: =F118*4300000 -> 92880 | H118: =(4300000*5/25)*F118 -> 18576 | I118: =(4300000*10/25)*F118 -> 37152 | J118: =F118*2580000 -> 55728 | K118: =F118*3440000 -> 74304
A119: 22 | B119: May | D119: 0 | E119: =1*(4000/200) -> 20 | F119: =E119*C119*0.18 -> 0 | G119: =F119*4300000 -> 0 | H119: =(4300000*5/25)*F119 -> 0 | I119: =(4300000*10/25)*F119 -> 0 | J119: =F119*2580000 -> 0 | K119: =F119*3440000 -> 0
A120: 23 | B120: May | D120: 0 | E120: =1*(4000/200) -> 20 | F120: =E120*C120*0.18 -> 0 | G120: =F120*4300000 -> 0 | H120: =(4300000*5/25)*F120 -> 0 | I120: =(4300000*10/25)*F120 -> 0 | J120: =F120*2580000 -> 0 | K120: =F120*3440000 -> 0
A121: 24 | B121: May | D121: 0 | E121: =1*(4000/200) -> 20 | F121: =E121*C121*0.18 -> 0 | G121: =F121*4300000 -> 0 | H121: =(4300000*5/25)*F121 -> 0 | I121: =(4300000*10/25)*F121 -> 0 | J121: =F121*2580000 -> 0 | K121: =F121*3440000 -> 0
A122: 1 | B122: June | D122: 0 | E122: =1*(4000/200) -> 20 | F122: =E122*C122*0.18 -> 0 | G122: =F122*4300000 -> 0 | H122: =(4300000*5/25)*F122 -> 0 | I122: =(4300000*10/25)*F122 -> 0 | J122: =F122*2580000 -> 0 | K122: =F122*3440000 -> 0
A123: 2 | B123: June | D123: 0 | E123: =1*(4000/200) -> 20 | F123: =E123*C123*0.18 -> 0 | G123: =F123*4300000 -> 0 | H123: =(4300000*5/25)*F123 -> 0 | I123: =(4300000*10/25)*F123 -> 0 | J123: =F123*2580000 -> 0 | K123: =F123*3440000 -> 0
A124: 3 | B124: June | D124: 0 | E124: =1*(4000/200) -> 20 | F124: =E124*C124*0.18 -> 0 | G124: =F124*4300000 -> 0 | H124: =(4300000*5/25)*F124 -> 0 | I124: =(4300000*10/25)*F124 -> 0 | J124: =F124*2580000 -> 0 | K124: =F124*3440000 -> 0
A125: 4 | B125: June | D125: 0 | E125: =1*(4000/200) -> 20 | F125: =E125*C125*0.18 -> 0 | G125: =F125*4300000 -> 0 | H125: =(4300000*5/25)*F125 -> 0 | I125: =(4300000*10/25)*F125 -> 0 | J125: =F125*2580000 -> 0 | K125: =F125*3440000 -> 0
A126: 5 | B126: June | D126: 0 | E126: =1*(4000/200) -> 20 | F126: =E126*C126*0.18 -> 0 | G126: =F126*4300000 -> 0 | H126: =(4300000*5/25)*F126 -> 0 | I126: =(4300000*10/25)*F126 -> 0 | J126: =F126*2580000 -> 0 | K126: =F126*3440000 -> 0
A127: 6 | B127: June | D127: 0 | E127: =1*(4000/200) -> 20 | F127: =E127*C127*0.18 -> 0 | G127: =F127*4300000 -> 0 | H127: =(4300000*5/25)*F127 -> 0 | I127: =(4300000*10/25)*F127 -> 0 | J127: =F127*2580000 -> 0 | K127: =F127*3440000 -> 0
A128: 7 | B128: June | C128: 0.020582955 | D128: 2.2666743 | E128: =1*(4000/200) -> 20 | F128: =E128*C128*0.18 -> 0.074098638 | G128: =F128*4300000 -> 318624.14 | H128: =(4300000*5/25)*F128 -> 63724.829 | I128: =(4300000*10/25)*F128 -> 127449.66 | J128: =F128*2580000 -> 191174.49 | K128: =F128*3440000 -> 254899.31
A129: 8 | B129: June | C129: 0.1108935 | D129: 12.212019 | E129: =1*(4000/200) -> 20 | F129: =E129*C129*0.18 -> 0.39921659 | G129: =F129*4300000 -> 1716631.4 | H129: =(4300000*5/25)*F129 -> 343326.27 | I129: =(4300000*10/25)*F129 -> 686652.54 | J129: =F129*2580000 -> 1029978.8 | K129: =F129*3440000 -> 1373305.1
A130: 9 | B130: June | C130: 0.22779608 | D130: 25.085782 | E130: =1*(4000/200) -> 20 | F130: =E130*C130*0.18 -> 0.82006588 | G130: =F130*4300000 -> 3526283.3 | H130: =(4300000*5/25)*F130 -> 705256.65 | I130: =(4300000*10/25)*F130 -> 1410513.3 | J130: =F130*2580000 -> 2115770 | K130: =F130*3440000 -> 2821026.6
A131: 10 | B131: June | C131: 0.39256358 | D131: 43.230613 | E131: =1*(4000/200) -> 20 | F131: =E131*C131*0.18 -> 1.4132289 | G131: =F131*4300000 -> 6076884.2 | H131: =(4300000*5/25)*F131 -> 1215376.8 | I131: =(4300000*10/25)*F131 -> 2430753.7 | J131: =F131*2580000 -> 3646130.5 | K131: =F131*3440000 -> 4861507.3
A132: 11 | B132: June | C132: 0.67437461 | D132: 74.26473 | E132: =1*(4000/200) -> 20 | F132: =E132*C132*0.18 -> 2.4277486 | G132: =F132*4300000 -> 10439319 | H132: =(4300000*5/25)*F132 -> 2087863.8 | I132: =(4300000*10/25)*F132 -> 4175727.6 | J132: =F132*2580000 -> 6263591.4 | K132: =F132*3440000 -> 8351455.2
A133: 12 | B133: June | C133: 0.81255378 | D133: 89.481553 | E133: =1*(4000/200) -> 20 | F133: =E133*C133*0.18 -> 2.9251936 | G133: =F133*4300000 -> 12578333 | H133: =(4300000*5/25)*F133 -> 2515666.5 | I133: =(4300000*10/25)*F133 -> 5031333 | J133: =F133*2580000 -> 7546999.6 | K133: =F133*3440000 -> 10062666
...

Sheet System Load
A1: Whole Year | B1: Hours | C1: Load_Shape | D1: Hourly Demand per household | I1: Area: | J1: Version2_GR_Prosumers Residential | O1: 20.7 TWh at 2022
A2: January: Hr 1 | B2: 31 | C2: 0.23097 | D2: =($O$2*C2)/100 -> 0.37062628 | I2: Yearly Shape: | J2: System Load | O2: =(20.7*(10^9))/(30*4300000) -> 160.46512
A3: January: Hr 2 | B3: 31 | C3: 0.23 | D3: =($O$2*C3)/100 -> 0.36906977 | I3: Profile Type: | J3: Energy Load Shape (% of annual energy)
A4: January: Hr 3 | B4: 31 | C4: 0.23 | D4: =($O$2*C4)/100 -> 0.36906977
A5: January: Hr 4 | B5: 31 | C5: 0.23 | D5: =($O$2*C5)/100 -> 0.36906977
A6: January: Hr 5 | B6: 31 | C6: 0.23 | D6: =($O$2*C6)/100 -> 0.36906977
A7: January: Hr 6 | B7: 31 | C7: 0.31 | D7: =($O$2*C7)/100 -> 0.49744186
A8: January: Hr 7 | B8: 31 | C8: 0.52 | D8: =($O$2*C8)/100 -> 0.8344186
A9: January: Hr 8 | B9: 31 | C9: 0.52 | D9: =($O$2*C9)/100 -> 0.8344186
A10: January: Hr 9 | B10: 31 | C10: 0.51 | D10: =($O$2*C10)/100 -> 0.81837209
A11: January: Hr 10 | B11: 31 | C11: 0.31 | D11: =($O$2*C11)/100 -> 0.49744186
A12: January: Hr 11 | B12: 31 | C12: 0.31 | D12: =($O$2*C12)/100 -> 0.49744186
A13: January: Hr 12 | B13: 31 | C13: 0.31 | D13: =($O$2*C13)/100 -> 0.49744186
A14: January: Hr 13 | B14: 31 | C14: 0.31 | D14: =($O$2*C14)/100 -> 0.49744186
A15: January: Hr 14 | B15: 31 | C15: 0.31 | D15: =($O$2*C15)/100 -> 0.49744186
... A289: December: Hr 24 | B289: 31 | C289: 0.2 | D289: =($O$2*C289)/100 -> 0.32093023
D290: =SUM(D2:D289) -> 160.46667
D291: =D290*30 -> 4814.0002

Sheet Battery_Storage
A1: Hour_Index | B1: Battery_Charge_kWh | C1: Battery_Discharge_kWh | D1: SOC_kWh | E1: willigness to self consume γs (prosumer price dependant) | F1: willigness to consume from Grid γs (spot price dependant) | G1: Spot Price | H1: =MAX(G2:G289) -> 369.17 | I1: =MIN(G2:G289) -> 59.27 | M1: MIN charge | N1: MAX charge | R1: Battery_Charge_kWh | S1: Generated from Pv kwh | T1: household Demand Kwh | U1: Surplus/Deficit (Kwh) | V1: Export to Grid Kwh from PV | W1: Utility function based on Grid | X1: Utility based on PV | Z1: Charge or Sell to grid | AA1: Buy from Grid or import from Discharge | AB1: income | AC1: payment | AD1: expences at current regime | AF1: Surplus/Deficit cumulative
A2: 1 | B2: =D2 -> 1.2 | C2: 0 | D2: =M5*0.1 -> 1.2 | E2: =1*(1/(G2+0.01))^1.1 -> 0.0025131186 | G2: 230.9 | H2: =G2/($H$1-$I$1) -> 0.74507906 | M2: 0.1 | N2: 0.9 | R2: =S2-T2-V2 -> #VALUE! | S2: ='Solar Availability and Gener GR'!F2 -> 0 | T2: 0.29721721 | U2: =S2-T2 -> -0.29721721 | V2: =IF(U2<0,"Buy from Grid","sell the surplus or charge") -> Buy from Grid | W2: =(1*(1/(G2+0.01))^1.1)*(LN(T2+1)) -> 0.00065396714 | AA2: =IF(D2+AF2>0,"discharge","buy from the Grid") -> discharge | AD2: =(T2*G2)/1000 -> 0.068627454 | AF2: =U2 -> -0.29721721
A3: 2 | C3: =-U3 -> 0.29596899 | D3: =(D2)+(B3*0.8)-(C3/0.8) -> 0.83003876 | E3: =1*(1/(G3+0.01))^1.1 -> 0.0021315491 | G3: 268.19 | H3: =G3/($H$1-$I$1) -> 0.8654082 | R3: =S3-T3-V3 -> #VALUE! | S3: ='Solar Availability and Gener GR'!F3 -> 0 | T3: 0.29596899 | U3: =S3-T3 -> -0.29596899 | V3: =IF(U3<0,"Buy from Grid","sell the surplus or charge") -> Buy from Grid | W3: =(1*(1/(G3+0.01))^1.1)*(LN(T3+1)) -> 0.0005526226 | AA3: =IF(D3+AF3>0,"discharge","buy from the Grid") -> discharge | AD3: =(T3*G3)/1000 -> 0.079375924 | AF3: =U3+AF2 -> -0.5931862
A4: 3 | C4: 0 | D4: =(D3)+(B4*0.8)-(C4/0.8) -> 0.83003876 | E4: =1*(1/(G4+0.01))^1.1 -> 0.0025290169 | G4: 229.58 | H4: =G4/($H$1-$I$1) -> 0.74081962 | M4: 10 kwh | N4: 5 kw | O4: per house | P4: n=90% | R4: =S4-T4-V4 -> #VALUE! | S4: ='Solar Availability and Gener GR'!F4 -> 0 | T4: 0.29596899 | U4: =S4-T4 -> -0.29596899 | V4: =IF(U4<0,"Buy from Grid","sell the surplus or charge") -> Buy from Grid | W4: =(1*(1/(G4+0.01))^1.1)*(LN(T4+1)) -> 0.00065566957 | AA4: =IF(D4+AF4>0,"discharge","buy from the Grid") -> buy from the Grid | AC4: =(U4*G4)/1000 -> -0.067948561 | AD4: =(T4*G4)/1000 -> 0.067948561 | AF4: =U4+AF3 -> -0.88915519
A5: 4 | C5: 0 | D5: =(D4)+(B5*0.8)-(C5/0.8) -> 0.83003876 | E5: =1*(1/(G5+0.01))^1.1 -> 0.002453675 | G5: 235.98 | H5: =G5/($H$1-$I$1) -> 0.76147144 | M5: 12 | R5: =S5-T5-V5 -> #VALUE! | S5: ='Solar Availability and Gener GR'!F5 -> 0 | T5: 0.29596899 | U5: =S5-T5 -> -0.29596899 | V5: =IF(U5<0,"Buy from Grid","sell the surplus or charge") -> Buy from Grid | W5: =(1*(1/(G5+0.01))^1.1)*(LN(T5+1)) -> 0.00063613652 | AA5: =IF(D5+AF5>0,"discharge","buy from the Grid") -> buy from the Grid | AC5: =(U5*G5)/1000 -> -0.069842763 | AD5: =(T5*G5)/1000 -> 0.069842763 | AF5: =U5+AF4 -> -1.1851242
A6: 5 | C6: 0 | D6: =(D5)+(B6*0.8)-(C6/0.8) -> 0.83003876 | E6: =1*(1/(G6+0.01))^1.1 -> 0.0024732663 | G6: 234.28 | H6: =G6/($H$1-$I$1) -> 0.7559858 | O6: 4kw | P6: pv | R6: =S6-T6-V6 -> #VALUE! | S6: ='Solar Availability and Gener GR'!F6 -> 0 | T6: 0.29596899 | U6: =S6-T6 -> -0.29596899 | V6: =IF(U6<0,"Buy from Grid","sell the surplus or charge") -> Buy from Grid | W6: =(1*(1/(G6+0.01))^1.1)*(LN(T6+1)) -> 0.00064121573 | AA6: =IF(D6+AF6>0,"discharge","buy from the Grid") -> buy from the Grid | AC6: =(U6*G6)/1000 -> -0.069339616 | AD6: =(T6*G6)/1000 -> 0.069339616 | AF6: =U6+AF5 -> -1.4810932
A7: 6 | C7: 0 | D7: =(D6)+(B7*0.8)-(C7/0.8) -> 0.83003876 | E7: =1*(1/(G7+0.01))^1.1 -> 0.0024349413 | G7: 237.63 | H7: =G7/($H$1-$I$1) -> 0.76679574 | R7: =S7-T7-V7 -> #VALUE! | S7: ='Solar Availability and Gener GR'!F7 -> 0 | T7: 0.39891473 | U7: =S7-T7 -> -0.39891473 | V7: =IF(U7<0,"Buy from Grid","sell the surplus or charge") -> Buy from Grid | W7: =(1*(1/(G7+0.01))^1.1)*(LN(T7+1)) -> 0.00081740187 | AA7: =IF(D7+AF7>0,"discharge","buy from the Grid") -> buy from the Grid | AC7: =(U7*G7)/1000 -> -0.094794107 | AD7: =(T7*G7)/1000 -> 0.094794107 | AF7: =U7+AF6 -> -1.8800079
A8: 7 | C8: 0 | D8: =(D7)+(B8*0.8)-(C8/0.8) -> 0.83003876 | E8: =1*(1/(G8+0.01))^1.1 -> 0.0024122647 | G8: 239.66 | H8: =G8/($H$1-$I$1) -> 0.77334624 | R8: =S8-T8-V8 -> #VALUE! | S8: ='Solar Availability and Gener GR'!F8 -> 0.036 | T8: 0.66914729 | U8: =S8-T8 -> -0.63314729 | V8: =IF(U8<0,"Buy from Grid","sell the surplus or charge") -> Buy from Grid | W8: =(1*(1/(G8+0.01))^1.1)*(LN(T8+1)) -> 0.0012358343 | AA8: =IF(D8+AF8>0,"discharge","buy from the Grid") -> buy from the Grid | AC8: =(U8*G8)/1000 -> -0.15174008 | AD8: =(T8*G8)/1000 -> 0.16036784 | AF8: =U8+AF7 -> -2.5131552
A9: 8 | C9: 0 | D9: =(D8)+(B9*0.8)-(C9/0.8) -> 0.83003876 | E9: =1*(1/(G9+0.01))^1.1 -> 0.0025014382 | G9: 231.88 | H9: =G9/($H$1-$I$1) -> 0.74824137 | R9: =S9-T9-V9 -> #VALUE! | S9: ='Solar Availability and Gener GR'!F9 -> 0.072 | T9: 0.66914729 | U9: =S9-T9 -> -0.59714729 | V9: =IF(U9<0,"Buy from Grid","sell the surplus or charge") -> Buy from Grid | W9: =(1*(1/(G9+0.01))^1.1)*(LN(T9+1)) -> 0.001281519 | AA9: =IF(D9+AF9>0,"discharge","buy from the Grid") -> buy from the Grid | AC9: =(U9*G9)/1000 -> -0.13846651 | AD9: =(T9*G9)/1000 -> 0.15516187 | AF9: =U9+AF8 -> -3.1103025
A10: 9 | C10: 0 | D10: =(D9)+(B10*0.8)-(C10/0.8) -> 0.83003876 | E10: =1*(1/(G10+0.01))^1.1 -> 0.0031791024 | G10: 186.47 | H10: =G10/($H$1-$I$1) -> 0.60171023 | R10: =S10-T10-V10 -> #VALUE! | S10: ='Solar Availability and Gener GR'!F10 -> 0.108 | T10: 0.65627907 | U10: =S10-T10 -> -0.54827907 | V10: =IF(U10<0,"Buy from Grid","sell the surplus or charge") -> Buy from Grid | W10: =(1*(1/(G10+0.01))^1.1)*(LN(T10+1)) -> 0.001604091 | AA10: =IF(D10+AF10>0,"discharge","buy from the Grid") -> buy from the Grid | AC10: =(U10*G10)/1000 -> -0.1022376 | AD10: =(T10*G10)/1000 -> 0.12237636 | AF10: =U10+AF9 -> -3.6585816
A11: 10 | C11: 0 | D11: =(D10)+(B11*0.8)-(C11/0.8) -> 0.83003876 | E11: =1*(1/(G11+0.01))^1.1 -> 0.0031791024 | G11: 186.47 | H11: =G11/($H$1-$I$1) -> 0.60171023 | R11: =S11-T11-V11 -> #VALUE! | S11: ='Solar Availability and Gener GR'!F11 -> 0.17817591 | T11: 0.39891473 | U11: =S11-T11 -> -0.22073882 | V11: =IF(U11<0,"Buy from Grid","sell the surplus or charge") -> Buy from Grid | W11: =(1*(1/(G11+0.01))^1.1)*(LN(T11+1)) -> 0.0010672143 | AA11: =IF(D11+AF11>0,"discharge","buy from the Grid") -> buy from the Grid | AC11: =(U11*G11)/1000 -> -0.041161167 | AD11: =(T11*G11)/1000 -> 0.074385629 | AF11: =U11+AF10 -> -3.8793204
A12: 11 | B12: =U12 -> 0.20969829 | D12: =(D11)+(B12*0.8)-(C12/0.8) -> 0.99779739 | E12: =1*(1/(G12+0.01))^1.1 -> 0.0033614618 | G12: 177.25 | H12: =G12/($H$1-$I$1) -> 0.5719587 | R12: =S12-T12-V12 -> #VALUE! | S12: ='Solar Availability and Gener GR'!F12 -> 0.60861302 | T12: 0.39891473 | U12: =S12-T12 -> 0.20969829 | V12: =IF(U12<0,"Buy from Grid","sell the surplus or charge") -> sell the surplus or charge | W12: =(1*(1/(G12+0.01))^1.1)*(LN(T12+1)) -> 0.0011284318 | X12: =(1*(1/(G12+0.01))^1.1)*(LN(S12+1)) -> 0.0015979459 | Y12: =X12/W12 -> 1.4160767 | Z12: =IF(Y12>=2,"sell to the Grid","charge") -> charge | AD12: =(T12*G12)/1000 -> 0.070707636 | AF12: =U12+AF11 -> -3.6696221
A13: 12 | D13: =(D12)+(B13*0.8)-(C13/0.8) -> 0.99779739 | E13: =1*(1/(G13+0.01))^1.1 -> 0.0035539536 | G13: 168.5 | H13: =G13/($H$1-$I$1) -> 0.54372378 | R13: =S13-T13-V13 -> #VALUE! | S13: ='Solar Availability and Gener GR'!F13 -> 1.0764 | T13: 0.39891473 | U13: =S13-T13 -> 0.67748527 | V13: =IF(U13<0,"Buy from Grid","sell the surplus or charge") -> sell the surplus or charge | W13: =(1*(1/(G13+0.01))^1.1)*(LN(T13+1)) -> 0.0011930506 | X13: =(1*(1/(G13+0.01))^1.1)*(LN(S13+1)) -> 0.0025966451 | Y13: =X13/W13 -> 2.1764752 | Z13: =IF(Y13>=2,"sell to the Grid","charge") -> sell to the Grid | AB13: =(U13*G13)/1000 -> 0.11415627 | AD13: =(T13*G13)/1000 -> 0.067217132 | AF13: =U13+AF12 -> -2.9921368
A14: 13 | D14: =(D13)+(B14*0.8)-(C14/0.8) -> 0.99779739 | E14: =1*(1/(G14+0.01))^1.1 -> 0.0075534485 | G14: 84.9 | H14: =G14/($H$1-$I$1) -> 0.27395934 | R14: =S14-T14-V14 -> #VALUE! | S14: ='Solar Availability and Gener GR'!F14 -> 1.3716 | T14: 0.39891473 | U14: =S14-T14 -> 0.97268527 | V14: =IF(U14<0,"Buy from Grid","sell the surplus or charge") -> sell the surplus or charge | W14: =(1*(1/(G14+0.01))^1.1)*(LN(T14+1)) -> 0.0025356681 | X14: =(1*(1/(G14+0.01))^1.1)*(LN(S14+1)) -> 0.0065228925 | Y14: =X14/W14 -> 2.5724552 | Z14: =IF(Y14>=2,"sell to the Grid","charge") -> sell to the Grid | AB14: =(U14*G14)/1000 -> 0.08258098 | AD14: =(T14*G14)/1000 -> 0.03386786 | AF14: =U14+AF13 -> -2.0194515
A15: 14 | D15: =(D14)+(B15*0.8)-(C15/0.8) -> 0.99779739 | E15: =1*(1/(G15+0.01))^1.1 -> 0.0078530408 | G15: 81.95 | H15: =G15/($H$1-$I$1) -> 0.26444014 | R15: =S15-T15-V15 -> #VALUE! | S15: ='Solar Availability and Gener GR'!F15 -> 1.4292 | T15: 0.39891473 | U15: =S15-T15 -> 1.0302853 | V15: =IF(U15<0,"Buy from Grid","sell the surplus or charge") -> sell the surplus or charge | W15: =(1*(1/(G15+0.01))^1.1)*(LN(T15+1)) -> 0.0026362402 | X15: =(1*(1/(G15+0.01))^1.1)*(LN(S15+1)) -> 0.0069700605 | Y15: =X15/W15 -> 2.6439398 | Z15: =IF(Y15>=2,"sell to the Grid","charge") -> sell to the Grid | AB15: =(U15*G15)/1000 -> 0.084431878 | AD15: =(T15*G15)/1000 -> 0.032691062 | AF15: =U15+AF14 -> -0.98916627
A16: 15 | D16: =(D15)+(B16*0.8)-(C16/0.8) -> 0.99779739 | E16: =1*(1/(G16+0.01))^1.1 -> 0.0033104786 | G16: 179.73 | H16: =G16/($H$1-$I$1) -> 0.57996128 | R16: =S16-T16-V16 -> #VALUE! | S16: ='Solar Availability and Gener GR'!F16 -> 1.3536 | T16: 0.39891473 | U16: =S16-T16 -> 0.95468527 | V16: =IF(U16<0,"Buy from Grid","sell the surplus or charge") -> sell the surplus or charge | W16: =(1*(1/(G16+0.01))^1.1)*(LN(T16+1)) -> 0.0011113169 | X16: =(1*(1/(G16+0.01))^1.1)*(LN(S16+1)) -> 0.0028335912 | Y16: =X16/W16 -> 2.5497598 | Z16: =IF(Y16>=2,"sell to the Grid","charge") -> sell to the Grid | AB16: =(U16*G16)/1000 -> 0.17158558 | AD16: =(T16*G16)/1000 -> 0.071696944 | AF16: =U16+AF15 -> -0.034480997
A17: 16 | D17: =(D16)+(B17*0.8)-(C17/0.8) -> 0.99779739 | E17: =1*(1/(G17+0.01))^1.1 -> 0.0019194623 | G17: 295 | H17: =G17/($H$1-$I$1) -> 0.95191997 | R17: =S17-T17-V17 -> #VALUE! | S17: ='Solar Availability and Gener GR'!F17 -> 1.1052 | T17: 0.39891473 | U17: =S17-T17 -> 0.70628527 | V17: =IF(U17<0,"Buy from Grid","sell the surplus or charge") -> sell the surplus or charge | W17: =(1*(1/(G17+0.01))^1.1)*(LN(T17+1)) -> 0.00064435724 | X17: =(1*(1/(G17+0.01))^1.1)*(LN(S17+1)) -> 0.0014288678 | Y17: =X17/W17 -> 2.2175088 | Z17: =IF(Y17>=2,"sell to the Grid","charge") -> sell to the Grid | AB17: =(U17*G17)/1000 -> 0.20835416 | AD17: =(T17*G17)/1000 -> 0.11767984 | AF17: =U17+AF16 -> 0.67180427
A18: 17 | B18: =U18 -> 0.36068527 | D18: =(D17)+(B18*0.8)-(C18/0.8) -> 1.2863456 | E18: =1*(1/(G18+0.01))^1.1 -> 0.0015997173 | G18: 348.15 | H18: =G18/($H$1-$I$1) -> 1.1234269 | R18: =S18-T18-V18 -> #VALUE! | S18: ='Solar Availability and Gener GR'!F18 -> 0.7596 | T18: 0.39891473 | U18: =S18-T18 -> 0.36068527 | V18: =IF(U18<0,"Buy from Grid","sell the surplus or charge") -> sell the surplus or charge | W18: =(1*(1/(G18+0.01))^1.1)*(LN(T18+1)) -> 0.00053701988 | X18: =(1*(1/(G18+0.01))^1.1)*(LN(S18+1)) -> 0.00090397866 | Y18: =X18/W18 -> 1.6833244 | Z18: =IF(Y18>=2,"sell to the Grid","charge") -> charge | AD18: =(T18*G18)/1000 -> 0.13888216 | AF18: =U18+AF17 -> 1.0324895
A19: 18 | C19: 0 | D19: =(D18)+(B19*0.8)-(C19/0.8) -> 1.2863456 | E19: =1*(1/(G19+0.01))^1.1 -> 0.0017411635 | G19: 322.34 | H19: =G19/($H$1-$I$1) -> 1.040142 | R19: =S19-T19-V19 -> #VALUE! | S19: ='Solar Availability and Gener GR'!F19 -> 0.3096 | T19: 0.66914729 | U19: =S19-T19 -> -0.35954729 | V19: =IF(U19<0,"Buy from Grid","sell the surplus or charge") -> Buy from Grid | W19: =(1*(1/(G19+0.01))^1.1)*(LN(T19+1)) -> 0.00089202051 | AA19: =IF(D19+AF19>0,"discharge","buy from the Grid") -> discharge | AD19: =(T19*G19)/1000 -> 0.21569294 | AF19: =U19+AF18 -> 0.67294226
A20: 19 | C20: 0 | D20: =(D19)+(B20*0.8)-(C20/0.8) -> 1.2863456 | E20: =1*(1/(G20+0.01))^1.1 -> 0.0018729686 | G20: 301.65 | H20: =G20/($H$1-$I$1) -> 0.97337851 | R20: =S20-T20-V20 -> #VALUE! | S20: ='Solar Availability and Gener GR'!F20 -> 0.0288 | T20: 0.65627907 | U20: =S20-T20 -> -0.62747907 | V20: =IF(U20<0,"Buy from Grid","sell the surplus or charge") -> Buy from Grid | W20: =(1*(1/(G20+0.01))^1.1)*(LN(T20+1)) -> 0.00094505045 | AA20: =IF(D20+AF20>0,"discharge","buy from the Grid") -> discharge | AD20: =(T20*G20)/1000 -> 0.19796658 | AF20: =U20+AF19 -> 0.045463189
A21: 20 | C21: 0 | D21: =(D20)+(B21*0.8)-(C21/0.8) -> 1.2863456 | E21: =1*(1/(G21+0.01))^1.1 -> 0.0015748215 | G21: 353.15 | H21: =G21/($H$1-$I$1) -> 1.1395611 | R21: =S21-T21-V21 -> #VALUE! | S21: ='Solar Availability and Gener GR'!F21 -> 0 | T21: 0.66914729 | U21: =S21-T21 -> -0.66914729 | V21: =IF(U21<0,"Buy from Grid","sell the surplus or charge") -> Buy from Grid | W21: =(1*(1/(G21+0.01))^1.1)*(LN(T21+1)) -> 0.00080680136 | AA21: =IF(D21+AF21>0,"discharge","buy from the Grid") -> discharge | AD21: =(T21*G21)/1000 -> 0.23630936 | AF21: =U21+AF20 -> -0.6236841
A22: 21 | C22: 0 | D22: =(D21)+(B22*0.8)-(C22/0.8) -> 1.2863456 | E22: =1*(1/(G22+0.01))^1.1 -> 0.0015271869 | G22: 363.15 | H22: =G22/($H$1-$I$1) -> 1.1718296 | R22: =S22-T22-V22 -> #VALUE! | S22: ='Solar Availability and Gener GR'!F22 -> 0 | T22: 0.66914729 | U22: =S22-T22 -> -0.66914729 | V22: =IF(U22<0,"Buy from Grid","sell the surplus or charge") -> Buy from Grid | W22: =(1*(1/(G22+0.01))^1.1)*(LN(T22+1)) -> 0.00078239754 | AA22: =IF(D22+AF22>0,"discharge","buy from the Grid") -> buy from the Grid | AC22: =(U22*G22)/1000 -> -0.24300084 | AD22: =(T22*G22)/1000 -> 0.24300084 | AF22: =U22+AF21 -> -1.2928314
A23: 22 | C23: 0 | D23: =(D22)+(B23*0.8)-(C23/0.8) -> 1.2863456 | E23: =1*(1/(G23+0.01))^1.1 -> 0.0020048122 | G23: 283.56 | H23: =G23/($H$1-$I$1) -> 0.91500484 | R23: =S23-T23-V23 -> #VALUE! | S23: ='Solar Availability and Gener GR'!F23 -> 0 | T23: 0.39891473 | U23: =S23-T23 -> -0.39891473 | V23: =IF(U23<0,"Buy from Grid","sell the surplus or charge") -> Buy from Grid | W23: =(1*(1/(G23+0.01))^1.1)*(LN(T23+1)) -> 0.00067300891 | AA23: =IF(D23+AF23>0,"discharge","buy from the Grid") -> buy from the Grid | AC23: =(U23*G23)/1000 -> -0.11311626 | AD23: =(T23*G23)/1000 -> 0.11311626 | AF23: =U23+AF22 -> -1.6917461
A24: 23 | C24: 0 | D24: =(D23)+(B24*0.8)-(C24/0.8) -> 1.2863456 | E24: =1*(1/(G24+0.01))^1.1 -> 0.0024311149 | G24: 237.97 | H24: =G24/($H$1-$I$1) -> 0.76789287 | R24: =S24-T24-V24 -> #VALUE! | S24: ='Solar Availability and Gener GR'!F24 -> 0 | T24: 0.39891473 | U24: =S24-T24 -> -0.39891473 | V24: =IF(U24<0,"Buy from Grid","sell the surplus or charge") -> Buy from Grid | W24: =(1*(1/(G24+0.01))^1.1)*(LN(T24+1)) -> 0.00081611737 | AA24: =IF(D24+AF24>0,"discharge","buy from the Grid") -> buy from the Grid | AC24: =(U24*G24)/1000 -> -0.094929738 | AD24: =(T24*G24)/1000 -> 0.094929738 | AF24: =U24+AF23 -> -2.0906608
A25: 24 | C25: 0 | D25: =(D24)+(B25*0.8)-(C25/0.8) -> 1.2863456 | E25: =1*(1/(G25+0.01))^1.1 -> 0.0025168351 | G25: 230.59 | H25: =G25/($H$1-$I$1) -> 0.74407874 | R25: =S25-T25-V25 -> #VALUE! | S25: ='Solar Availability and Gener GR'!F25 -> 0 | T25: 0.39891473 | U25: =S25-T25 -> -0.39891473 | V25: =IF(U25<0,"Buy from Grid","sell the surplus or charge") -> Buy from Grid | W25: =(1*(1/(G25+0.01))^1.1)*(LN(T25+1)) -> 0.00084489335 | AA25: =IF(D25+AF25>0,"discharge","buy from the Grid") -> buy from the Grid | AC25: =(U25*G25)/1000 -> -0.091985747 | AD25: =(T25*G25)/1000 -> 0.091985747 | AF25: =U25+AF24 -> -2.4895756
A26: 25 | C26: 0 | D26: =(D25)+(B26*0.8)-(C26/0.8) -> 1.2863456 | E26: =1*(1/(G26+0.01))^1.1 -> 0.0031641675 | G26: 187.27 | H26: =G26/($H$1-$I$1) -> 0.60429171 | R26: =S26-T26-V26 -> #VALUE! | S26: ='Solar Availability and Gener GR'!F26 -> 0 | T26: 0.29596899 | U26: =S26-T26 -> -0.29596899 | V26: =IF(U26<0,"Buy from Grid","sell the surplus or charge") -> Buy from Grid | W26: =(1*(1/(G26+0.01))^1.1)*(LN(T26+1)) -> 0.00082033785 | AA26: =IF(D26+AF26>0,"discharge","buy from the Grid") -> buy from the Grid | AC26: =(U26*G26)/1000 -> -0.055426113 | AD26: =(T26*G26)/1000 -> 0.055426113 | AF26: =U26+AF25 -> -2.7855446
A27: 26 | C27: 0 | D27: =(D26)+(B27*0.8)-(C27/0.8) -> 1.2863456 | E27: =1*(1/(G27+0.01))^1.1 -> 0.0031654689 | G27: 187.2 | H27: =G27/($H$1-$I$1) -> 0.60406583 | R27: =S27-T27-V27 -> #VALUE! | S27: ='Solar Availability and Gener GR'!F27 -> 0 | T27: 0.29596899 | U27: =S27-T27 -> -0.29596899 | V27: =IF(U27<0,"Buy from Grid","sell the surplus or charge") -> Buy from Grid | W27: =(1*(1/(G27+0.01))^1.1)*(LN(T27+1)) -> 0.00082067527 | AA27: =IF(D27+AF27>0,"discharge","buy from the Grid") -> buy from the Grid | AC27: =(U27*G27)/1000 -> -0.055405395 | AD27: =(T27*G27)/1000 -> 0.055405395 | AF27: =U27+AF26 -> -3.0815136
A28: 27 | C28: 0 | D28: =(D27)+(B28*0.8)-(C28/0.8) -> 1.2863456 | E28: =1*(1/(G28+0.01))^1.1 -> 0.0033050171 | G28: 180 | H28: =G28/($H$1-$I$1) -> 0.58083253 | R28: =S28-T28-V28 -> #VALUE! | S28: ='Solar Availability and Gener GR'!F28 -> 0 | T28: 0.29596899 | U28: =S28-T28 -> -0.29596899 | V28: =IF(U28<0,"Buy from Grid","sell the surplus or charge") -> Buy from Grid | W28: =(1*(1/(G28+0.01))^1.1)*(LN(T28+1)) -> 0.00085685433 | AA28: =IF(D28+AF28>0,"discharge","buy from the Grid") -> buy from the Grid | AC28: =(U28*G28)/1000 -> -0.053274419 | AD28: =(T28*G28)/1000 -> 0.053274419 | AF28: =U28+AF27 -> -3.3774825
A29: 28 | C29: 0 | D29: =(D28)+(B29*0.8)-(C29/0.8) -> 1.2863456 | E29: =1*(1/(G29+0.01))^1.1 -> 0.0033050171 | G29: 180 | H29: =G29/($H$1-$I$1) -> 0.58083253 | R29: =S29-T29-V29 -> #VALUE! | S29: ='Solar Availability and Gener GR'!F29 -> 0 | T29: 0.29596899 | U29: =S29-T29 -> -0.29596899 | V29: =IF(U29<0,"Buy from Grid","sell the surplus or charge") -> Buy from Grid | W29: =(1*(1/(G29+0.01))^1.1)*(LN(T29+1)) -> 0.00085685433 | AA29: =IF(D29+AF29>0,"discharge","buy from the Grid") -> buy from the Grid | AC29: =(U29*G29)/1000 -> -0.053274419 | AD29: =(T29*G29)/1000 -> 0.053274419 | AF29: =U29+AF28 -> -3.6734515
A30: 29 | C30: 0 | D30: =(D29)+(B30*0.8)-(C30/0.8) -> 1.2863456 | E30: =1*(1/(G30+0.01))^1.1 -> 0.0031900146 | G30: 185.89 | H30: =G30/($H$1-$I$1) -> 0.59983866 | R30: =S30-T30-V30 -> #VALUE! | S30: ='Solar Availability and Gener GR'!F30 -> 0 | T30: 0.29596899 | U30: =S30-T30 -> -0.29596899 | V30: =IF(U30<0,"Buy from Grid","sell the surplus or charge") -> Buy from Grid | W30: =(1*(1/(G30+0.01))^1.1)*(LN(T30+1)) -> 0.00082703895 | AA30: =IF(D30+AF30>0,"discharge","buy from the Grid") -> buy from the Grid | AC30: =(U30*G30)/1000 -> -0.055017676 | AD30: =(T30*G30)/1000 -> 0.055017676 | AF30: =U30+AF29 -> -3.9694205
A31: 30 | C31: 0 | D31: =(D30)+(B31*0.8)-(C31/0.8) -> 1.2863456 | E31: =1*(1/(G31+0.01))^1.1 -> 0.0020998342 | G31: 271.87 | H31: =G31/($H$1-$I$1) -> 0.87728299 | R31: =S31-T31-V31 -> #VALUE! | S31: ='Solar Availability and Gener GR'!F31 -> 0 | T31: 0.39891473 | U31: =S31-T31 -> -0.39891473 | V31: =IF(U31<0,"Buy from Grid","sell the surplus or charge") -> Buy from Grid | W31: =(1*(1/(G31+0.01))^1.1)*(LN(T31+1)) -> 0.00070490751 | AA31: =IF(D31+AF31>0,"discharge","buy from the Grid") -> buy from the Grid | AC31: =(U31*G31)/1000 -> -0.10845295 | AD31: =(T31*G31)/1000 -> 0.10845295 | AF31: =U31+AF30 -> -4.3683353
A32: 31 | C32: 0 | D32: =(D31)+(B32*0.8)-(C32/0.8) -> 1.2863456 | E32: =1*(1/(G32+0.01))^1.1 -> 0.0015965895 | G32: 348.77 | H32: =G32/($H$1-$I$1) -> 1.1254276 | R32: =S32-T32-V32 -> #VALUE! | S32: ='Solar Availability and Gener GR'!F32 -> 0.036 | T32: 0.66914729 | U32: =S32-T32 -> -0.63314729 | V32: =IF(U32<0,"Buy from Grid","sell the surplus or charge") -> Buy from Grid | W32: =(1*(1/(G32+0.01))^1.1)*(LN(T32+1)) -> 0.00081795338 | AA32: =IF(D32+AF32>0,"discharge","buy from the Grid") -> buy from the Grid | AC32: =(U32*G32)/1000 -> -0.22082278 | AD32: =(T32*G32)/1000 -> 0.2333785 | AF32: =U32+AF31 -> -5.0014825
A33: 32 | C33: 0 | D33: =(D32)+(B33*0.8)-(C33/0.8) -> 1.2863456 | E33: =1*(1/(G33+0.01))^1.1 -> 0.0015717859 | G33: 353.77 | H33: =G33/($H$1-$I$1) -> 1.1415618 | R33: =S33-T33-V33 -> #VALUE! | S33: ='Solar Availability and Gener GR'!F33 -> 0.072 | T33: 0.65627907 | U33: =S33-T33 -> -0.58427907 | V33: =IF(U33<0,"Buy from Grid","sell the surplus or charge") -> Buy from Grid | W33: =(1*(1/(G33+0.01))^1.1)*(LN(T33+1)) -> 0.00079308162 | AA33: =IF(D33+AF33>0,"discharge","buy from the Grid") -> buy from the Grid | AC33: =(U33*G33)/1000 -> -0.20670041 | AD33: =(T33*G33)/1000 -> 0.23217185 | AF33: =U33+AF32 -> -5.5857616
... A35: 34 | C35: 0 | D35: =(D34)+(B35*0.8)-(C35/0.8) -> 1.2863456 | E35: =1*(1/(G35+0.01))^1.1 -> 0.002880095 | G35: 203.99 | H35: =G35/($H$1-$I$1) -> 0.6582446 | R35: =S35-T35-V35 -> #VALUE! | S35: ='Solar Availability and Gener GR'!F35 -> 0.17817591 | T35: 0.39891473 | U35: =S35-T35 -> -0.22073882 | V35: =IF(U35<0,"Buy from Grid","sell the surplus or charge") -> Buy from Grid | W35: =(1*(1/(G35+0.01))^1.1)*(LN(T35+1)) -> 0.00096683851 | AA35: =IF(D35+AF35>0,"discharge","buy from the Grid") -> buy from the Grid | AC35: =(U35*G35)/1000 -> -0.045028512 | AD35: =(T35*G35)/1000 -> 0.081374616 | AF35: =U35+AF34 -> -6.3547795
A36: 35 | B36: =U36 -> 0.20969829 | D36: =(D35)+(B36*0.8)-(C36/0.8) -> 1.4541042 | E36: =1*(1/(G36+0.01))^1.1 -> 0.0030056175 | G36: 196.23 | H36: =G36/($H$1-$I$1) -> 0.63320426 | R36: =S36-T36-V36 -> #VALUE! | S36: ='Solar Availability and Gener GR'!F36 -> 0.60861302 | T36: 0.39891473 | U36: =S36-T36 -> 0.20969829 | V36: =IF(U36<0,"Buy from Grid","sell the surplus or charge") -> sell the surplus or charge | W36: =(1*(1/(G36+0.01))^1.1)*(LN(T36+1)) -> 0.001008976 | X36: =(1*(1/(G36+0.01))^1.1)*(LN(S36+1)) -> 0.0014287874 | Y36: =X36/W36 -> 1.4160767 | Z36: =IF(Y36>=2,"sell to the Grid","charge") -> charge | AD36: =(T36*G36)/1000 -> 0.078279037 | AF36: =U36+AF35 -> -6.1450812
A37: 36 | D37: =(D36)+(B37*0.8)-(C37/0.8) -> 1.4541042 | E37: =1*(1/(G37+0.01))^1.1 -> 0.0031343309 | G37: 188.89 | H37: =G37/($H$1-$I$1) -> 0.6095192 | R37: =S37-T37-V37 -> #VALUE! | S37: ='Solar Availability and Gener GR'!F37 -> 1.0764 | T37: 0.39891473 | U37: =S37-T37 -> 0.67748527 | V37: =IF(U37<0,"Buy from Grid","sell the surplus or charge") -> sell the surplus or charge | W37: =(1*(1/(G37+0.01))^1.1)*(LN(T37+1)) -> 0.0010521847 | X37: =(1*(1/(G37+0.01))^1.1)*(LN(S37+1)) -> 0.0022900538 | Y37: =X37/W37 -> 2.1764752 | Z37: =IF(Y37>=2,"sell to the Grid","charge") -> sell to the Grid | AB37: =(U37*G37)/1000 -> 0.12797019 | AD37: =(T37*G37)/1000 -> 0.075351003 | AF37: =U37+AF36 -> -5.4675959
A38: 37 | D38: =(D37)+(B38*0.8)-(C38/0.8) -> 1.4541042 | E38: =1*(1/(G38+0.01))^1.1 -> 0.0031523156 | G38: 187.91 | H38: =G38/($H$1-$I$1) -> 0.60635689 | R38: =S38-T38-V38 -> #VALUE! | S38: ='Solar Availability and Gener GR'!F38 -> 1.6416 | T38: 0.39891473 | U38: =S38-T38 -> 1.2426853 | V38: =IF(U38<0,"Buy from Grid","sell the surplus or charge") -> sell the surplus or charge | W38: =(1*(1/(G38+0.01))^1.1)*(LN(T38+1)) -> 0.0010582221 | X38: =(1*(1/(G38+0.01))^1.1)*(LN(S38+1)) -> 0.0030621115 | Y38: =X38/W38 -> 2.8936378 | Z38: =IF(Y38>=2,"sell to the Grid","charge") -> sell to the Grid | AB38: =(U38*G38)/1000 -> 0.23351299 | AD38: =(T38*G38)/1000 -> 0.074960067 | AF38: =U38+AF37 -> -4.2249107
A39: 38 | D39: =(D38)+(B39*0.8)-(C39/0.8) -> 1.4541042 | E39: =1*(1/(G39+0.01))^1.1 -> 0.0031343309 | G39: 188.89 | H39: =G39/($H$1-$I$1) -> 0.6095192 | R39: =S39-T39-V39 -> #VALUE! | S39: ='Solar Availability and Gener GR'!F39 -> 1.7748 | T39: 0.39891473 | U39: =S39-T39 -> 1.3758853 | V39: =IF(U39<0,"Buy from Grid","sell the surplus or charge") -> sell the surplus or charge | W39: =(1*(1/(G39+0.01))^1.1)*(LN(T39+1)) -> 0.0010521847 | X39: =(1*(1/(G39+0.01))^1.1)*(LN(S39+1)) -> 0.0031988313 | Y39: =X39/W39 -> 3.0401804 | Z39: =IF(Y39>=2,"sell to the Grid","charge") -> sell to the Grid | AB39: =(U39*G39)/1000 -> 0.25989097 | AD39: =(T39*G39)/1000 -> 0.075351003 | AF39: =U39+AF38 -> -2.8490254
A40: 39 | D40: =(D39)+(B40*0.8)-(C40/0.8) -> 1.4541042 | E40: =1*(1/(G40+0.01))^1.1 -> 0.0028846054 | G40: 203.7 | H40: =G40/($H$1-$I$1) -> 0.65730881 | R40: =S40-T40-V40 -> #VALUE! | S40: ='Solar Availability and Gener GR'!F40 -> 1.6596 | T40: 0.39891473 | U40: =S40-T40 -> 1.2606853 | V40: =IF(U40<0,"Buy from Grid","sell the surplus or charge") -> sell the surplus or charge | W40: =(1*(1/(G40+0.01))^1.1)*(LN(T40+1)) -> 0.00096835264 | X40: =(1*(1/(G40+0.01))^1.1)*(LN(S40+1)) -> 0.002821651 | Y40: =X40/W40 -> 2.9138672 | Z40: =IF(Y40>=2,"sell to the Grid","charge") -> sell to the Grid | AB40: =(U40*G40)/1000 -> 0.25680159 | AD40: =(T40*G40)/1000 -> 0.08125893 | AF40: =U40+AF39 -> -1.5883401
A41: 40 | D41: =(D40)+(B41*0.8)-(C41/0.8) -> 1.4541042 | E41: =1*(1/(G41+0.01))^1.1 -> 0.001524324 | G41: 363.77 | H41: =G41/($H$1-$I$1) -> 1.1738303 | R41: =S41-T41-V41 -> #VALUE! | S41: ='Solar Availability and Gener GR'!F41 -> 1.4112 | T41: 0.39891473 | U41: =S41-T41 -> 1.0122853 | V41: =IF(U41<0,"Buy from Grid","sell the surplus or charge") -> sell the surplus or charge | W41: =(1*(1/(G41+0.01))^1.1)*(LN(T41+1)) -> 0.00051171062 | X41: =(1*(1/(G41+0.01))^1.1)*(LN(S41+1)) -> 0.001341595 | Y41: =X41/W41 -> 2.6217846 | Z41: =IF(Y41>=2,"sell to the Grid","charge") -> sell to the Grid | AB41: =(U41*G41)/1000 -> 0.36823901 | AD41: =(T41*G41)/1000 -> 0.14511321 | AF41: =U41+AF40 -> -0.57605486
A42: 41 | D42: =(D41)+(B42*0.8)-(C42/0.8) -> 1.4541042 | E42: =1*(1/(G42+0.01))^1.1 -> 0.0015965895 | G42: 348.77 | H42: =G42/($H$1-$I$1) -> 1.1254276 | R42: =S42-T42-V42 -> #VALUE! | S42: ='Solar Availability and Gener GR'!F42 -> 1.0836 | T42: 0.39891473 | U42: =S42-T42 -> 0.68468527 | V42: =IF(U42<0,"Buy from Grid","sell the surplus or charge") -> sell the surplus or charge | W42: =(1*(1/(G42+0.01))^1.1)*(LN(T42+1)) -> 0.00053596989 | X42: =(1*(1/(G42+0.01))^1.1)*(LN(S42+1)) -> 0.0011720518 | Y42: =X42/W42 -> 2.1867867 | Z42: =IF(Y42>=2,"sell to the Grid","charge") -> sell to the Grid | AB42: =(U42*G42)/1000 -> 0.23879768 | AD42: =(T42*G42)/1000 -> 0.13912949 | AF42: =U42+AF41 -> 0.10863041
A43: 42 | C43: 0 | D43: =(D42)+(B43*0.8)-(C43/0.8) -> 1.4541042 | E43: =1*(1/(G43+0.01))^1.1 -> 0.001524324 | G43: 363.77 | H43: =G43/($H$1-$I$1) -> 1.1738303 | R43: =S43-T43-V43 -> #VALUE! | S43: ='Solar Availability and Gener GR'!F43 -> 0.54 | T43: 0.66914729 | U43: =S43-T43 -> -0.12914729 | V43: =IF(U43<0,"Buy from Grid","sell the surplus or charge") -> Buy from Grid | W43: =(1*(1/(G43+0.01))^1.1)*(LN(T43+1)) -> 0.00078093085 | AA43: =IF(D43+AF43>0,"discharge","buy from the Grid") -> discharge | AD43: =(T43*G43)/1000 -> 0.24341571 | AF43: =U43+AF42 -> -0.020516878
A44: 43 | C44: 0 | D44: =(D43)+(B44*0.8)-(C44/0.8) -> 1.4541042 | E44: =1*(1/(G44+0.01))^1.1 -> 0.0018757728 | G44: 301.24 | H44: =G44/($H$1-$I$1) -> 0.9720555 | R44: =S44-T44-V44 -> #VALUE! | S44: ='Solar Availability and Gener GR'!F44 -> 0.1368 | T44: 0.66914729 | U44: =S44-T44 -> -0.53234729 | V44: =IF(U44<0,"Buy from Grid","sell the surplus or charge") -> Buy from Grid | W44: =(1*(1/(G44+0.01))^1.1)*(LN(T44+1)) -> 0.00096098259 | AA44: =IF(D44+AF44>0,"discharge","buy from the Grid") -> discharge | AD44: =(T44*G44)/1000 -> 0.20157393 | AF44: =U44+AF43 -> -0.55286416
A45: 44 | C45: 0 | D45: =(D44)+(B45*0.8)-(C45/0.8) -> 1.4541042 | E45: =1*(1/(G45+0.01))^1.1 -> 0.0015717859 | G45: 353.77 | H45: =G45/($H$1-$I$1) -> 1.1415618 | R45: =S45-T45-V45 -> #VALUE! | S45: ='Solar Availability and Gener GR'!F45 -> 0 | T45: 0.65627907 | U45: =S45-T45 -> -0.65627907 | V45: =IF(U45<0,"Buy from Grid","sell the surplus or charge") -> Buy from Grid | W45: =(1*(1/(G45+0.01))^1.1)*(LN(T45+1)) -> 0.00079308162 | AA45: =IF(D45+AF45>0,"discharge","buy from the Grid") -> discharge | AD45: =(T45*G45)/1000 -> 0.23217185 | AF45: =U45+AF44 -> -1.2091432
A46: 45 | C46: 0 | D46: =(D45)+(B46*0.8)-(C46/0.8) -> 1.4541042 | E46: =1*(1/(G46+0.01))^1.1 -> 0.0015477077 | G46: 358.77 | H46: =G46/($H$1-$I$1) -> 1.157696 | R46: =S46-T46-V46 -> #VALUE! | S46: ='Solar Availability and Gener GR'!F46 -> 0 | T46: 0.66914729 | U46: =S46-T46 -> -0.66914729 | V46: =IF(U46<0,"Buy from Grid","sell the surplus or charge") -> Buy from Grid | W46: =(1*(1/(G46+0.01))^1.1)*(LN(T46+1)) -> 0.00079291062 | AA46: =IF(D46+AF46>0,"discharge","buy from the Grid") -> buy from the Grid | AC46: =(U46*G46)/1000 -> -0.24006997 | AD46: =(T46*G46)/1000 -> 0.24006997 | AF46: =U46+AF45 -> -1.8782905
A47: 46 | C47: 0 | D47: =(D46)+(B47*0.8)-(C47/0.8) -> 1.4541042 | E47: =1*(1/(G47+0.01))^1.1 -> 0.0019972956 | G47: 284.53 | H47: =G47/($H$1-$I$1) -> 0.91813488 | R47: =S47-T47-V47 -> #VALUE! | S47: ='Solar Availability and Gener GR'!F47 -> 0 | T47: 0.39891473 | U47: =S47-T47 -> -0.39891473 | V47: =IF(U47<0,"Buy from Grid","sell the surplus or charge") -> Buy from Grid | W47: =(1*(1/(G47+0.01))^1.1)*(LN(T47+1)) -> 0.00067048562 | AA47: =IF(D47+AF47>0,"discharge","buy from the Grid") -> buy from the Grid | AC47: =(U47*G47)/1000 -> -0.11350321 | AD47: =(T47*G47)/1000 -> 0.11350321 | AF47: =U47+AF46 -> -2.2772052
A48: 47 | C48: 0 | D48: =(D47)+(B48*0.8)-(C48/0.8) -> 1.4541042 | E48: =1*(1/(G48+0.01))^1.1 -> 0.0021274478 | G48: 268.66 | H48: =G48/($H$1-$I$1) -> 0.86692481 | R48: =S48-T48-V48 -> #VALUE! | S48: ='Solar Availability and Gener GR'!F48 -> 0 | T48: 0.39891473 | U48: =S48-T48 -> -0.39891473 | V48: =IF(U48<0,"Buy from Grid","sell the surplus or charge") -> Buy from Grid | W48: =(1*(1/(G48+0.01))^1.1)*(LN(T48+1)) -> 0.00071417729 | AA48: =IF(D48+AF48>0,"discharge","buy from the Grid") -> buy from the Grid | AC48: =(U48*G48)/1000 -> -0.10717243 | AD48: =(T48*G48)/1000 -> 0.10717243 | AF48: =U48+AF47 -> -2.67612
A49: 48 | C49: 0 | D49: =(D48)+(B49*0.8)-(C49/0.8) -> 1.4541042 | E49: =1*(1/(G49+0.01))^1.1 -> 0.0021779539 | G49: 262.99 | H49: =G49/($H$1-$I$1) -> 0.84862859 | R49: =S49-T49-V49 -> #VALUE! | S49: ='Solar Availability and Gener GR'!F49 -> 0 | T49: 0.39891473 | U49: =S49-T49 -> -0.39891473 | V49: =IF(U49<0,"Buy from Grid","sell the surplus or charge") -> Buy from Grid | W49: =(1*(1/(G49+0.01))^1.1)*(LN(T49+1)) -> 0.00073113202 | AA49: =IF(D49+AF49>0,"discharge","buy from the Grid") -> buy from the Grid | AC49: =(U49*G49)/1000 -> -0.10491058 | AD49: =(T49*G49)/1000 -> 0.10491058 | AF49: =U49+AF48 -> -3.0750347
A50: 49 | C50: 0 | D50: =(D49)+(B50*0.8)-(C50/0.8) -> 1.4541042 | E50: =1*(1/(G50+0.01))^1.1 -> 0.0015945778 | G50: 349.17 | H50: =G50/($H$1-$I$1) -> 1.1267183 | R50: =S50-T50-V50 -> #VALUE! | S50: ='Solar Availability and Gener GR'!F50 -> 0 | T50: 0.29596899 | U50: =S50-T50 -> -0.29596899 | V50: =IF(U50<0,"Buy from Grid","sell the surplus or charge") -> Buy from Grid | W50: =(1*(1/(G50+0.01))^1.1)*(LN(T50+1)) -> 0.00041340811 | AA50: =IF(D50+AF50>0,"discharge","buy from the Grid") -> buy from the Grid | AC50: =(U50*G50)/1000 -> -0.10334349 | AD50: =(T50*G50)/1000 -> 0.10334349 | AF50: =U50+AF49 -> -3.3710037
A51: 50 | C51: 0 | D51: =(D50)+(B51*0.8)-(C51/0.8) -> 1.4541042 | E51: =1*(1/(G51+0.01))^1.1 -> 0.0020810506 | G51: 274.1 | H51: =G51/($H$1-$I$1) -> 0.88447886 | R51: =S51-T51-V51 -> #VALUE! | S51: ='Solar Availability and Gener GR'!F51 -> 0 | T51: 0.29596899 | U51: =S51-T51 -> -0.29596899 | V51: =IF(U51<0,"Buy from Grid","sell the surplus or charge") -> Buy from Grid | W51: =(1*(1/(G51+0.01))^1.1)*(LN(T51+1)) -> 0.00053953041 | AA51: =IF(D51+AF51>0,"discharge","buy from the Grid") -> buy from the Grid | AC51: =(U51*G51)/1000 -> -0.081125101 | AD51: =(T51*G51)/1000 -> 0.081125101 | AF51: =U51+AF50 -> -3.6669727
A52: 51 | C52: 0 | D52: =(D51)+(B52*0.8)-(C52/0.8) -> 1.4541042 | E52: =1*(1/(G52+0.01))^1.1 -> 0.0021051142 | G52: 271.25 | H52: =G52/($H$1-$I$1) -> 0.87528235 | R52: =S52-T52-V52 -> #VALUE! | S52: ='Solar Availability and Gener GR'!F52 -> 0 | T52: 0.29596899 | U52: =S52-T52 -> -0.29596899 | V52: =IF(U52<0,"Buy from Grid","sell the surplus or charge") -> Buy from Grid | W52: =(1*(1/(G52+0.01))^1.1)*(LN(T52+1)) -> 0.00054576912 | AA52: =IF(D52+AF52>0,"discharge","buy from the Grid") -> buy from the Grid | AC52: =(U52*G52)/1000 -> -0.080281589 | AD52: =(T52*G52)/1000 -> 0.080281589 | AF52: =U52+AF51 -> -3.9629417
A53: 52 | C53: 0 | D53: =(D52)+(B53*0.8)-(C53/0.8) -> 1.4541042 | E53: =1*(1/(G53+0.01))^1.1 -> 0.00345724 | G53: 172.78 | H53: =G53/($H$1-$I$1) -> 0.55753469 | R53: =S53-T53-V53 -> #VALUE! | S53: ='Solar Availability and Gener GR'!F53 -> 0 | T53: 0.29596899 | U53: =S53-T53 -> -0.29596899 | V53: =IF(U53<0,"Buy from Grid","sell the surplus or charge") -> Buy from Grid | W53: =(1*(1/(G53+0.01))^1.1)*(LN(T53+1)) -> 0.00089631946 | AA53: =IF(D53+AF53>0,"discharge","buy from the Grid") -> buy from the Grid | AC53: =(U53*G53)/1000 -> -0.051137522 | AD53: =(T53*G53)/1000 -> 0.051137522 | AF53: =U53+AF52 -> -4.2589107
A54: 53 | C54: 0 | D54: =(D53)+(B54*0.8)-(C54/0.8) -> 1.4541042 | E54: =1*(1/(G54+0.01))^1.1 -> 0.0020915398 | G54: 272.85 | H54: =G54/($H$1-$I$1) -> 0.8804453 | R54: =S54-T54-V54 -> #VALUE! | S54: ='Solar Availability and Gener GR'!F54 -> 0 | T54: 0.29596899 | U54: =S54-T54 -> -0.29596899 | V54: =IF(U54<0,"Buy from Grid","sell the surplus or charge") -> Buy from Grid | W54: =(1*(1/(G54+0.01))^1.1)*(LN(T54+1)) -> 0.00054224984 | AA54: =IF(D54+AF54>0,"discharge","buy from the Grid") -> buy from the Grid | AC54: =(U54*G54)/1000 -> -0.08075514 | AD54: =(T54*G54)/1000 -> 0.08075514 | AF54: =U54+AF53 -> -4.5548797
A55: 54 | C55: 0 | D55: =(D54)+(B55*0.8)-(C55/0.8) -> 1.4541042 | E55: =1*(1/(G55+0.01))^1.1 -> 0.0015698334 | G55: 354.17 | H55: =G55/($H$1-$I$1) -> 1.1428525 | R55: =S55-T55-V55 -> #VALUE! | S55: ='Solar Availability and Gener GR'!F55 -> 0 | T55: 0.39891473 | U55: =S55-T55 -> -0.39891473 | V55: =IF(U55<0,"Buy from Grid","sell the surplus or charge") -> Buy from Grid | W55: =(1*(1/(G55+0.01))^1.1)*(LN(T55+1)) -> 0.00052698796 | AA55: =IF(D55+AF55>0,"discharge","buy from the Grid") -> buy from the Grid | AC55: =(U55*G55)/1000 -> -0.14128363 | AD55: =(T55*G55)/1000 -> 0.14128363 | AF55: =U55+AF54 -> -4.9537944
A56: 55 | C56: 0 | D56: =(D55)+(B56*0.8)-(C56/0.8) -> 1.4541042 | E56: =1*(1/(G56+0.01))^1.1 -> 0.0015458119 | G56: 359.17 | H56: =G56/($H$1-$I$1) -> 1.1589868 | R56: =S56-T56-V56 -> #VALUE! | S56: ='Solar Availability and Gener GR'!F56 -> 0 | T56: 0.66914729 | U56: =S56-T56 -> -0.66914729 | V56: =IF(U56<0,"Buy from Grid","sell the surplus or charge") -> Buy from Grid | W56: =(1*(1/(G56+0.01))^1.1)*(LN(T56+1)) -> 0.00079193935 | AA56: =IF(D56+AF56>0,"discharge","buy from the Grid") -> buy from the Grid | AC56: =(U56*G56)/1000 -> -0.24033763 | AD56: =(T56*G56)/1000 -> 0.24033763 | AF56: =U56+AF55 -> -5.6229417
A57: 56 | C57: 0 | D57: =(D56)+(B57*0.8)-(C57/0.8) -> 1.4541042 | E57: =1*(1/(G57+0.01))^1.1 -> 0.0015945778 | G57: 349.17 | H57: =G57/($H$1-$I$1) -> 1.1267183 | R57: =S57-T57-V57 -> #VALUE! | S57: ='Solar Availability and Gener GR'!F57 -> 0.0162 | T57: 0.66914729 | U57: =S57-T57 -> -0.65294729 | V57: =IF(U57<0,"Buy from Grid","sell the surplus or charge") -> Buy from Grid | W57: =(1*(1/(G57+0.01))^1.1)*(LN(T57+1)) -> 0.00081692274 | AA57: =IF(D57+AF57>0,"discharge","buy from the Grid") -> buy from the Grid | AC57: =(U57*G57)/1000 -> -0.2279896 | AD57: =(T57*G57)/1000 -> 0.23364616 | AF57: =U57+AF56 -> -6.275889
A58: 57 | C58: 0 | D58: =(D57)+(B58*0.8)-(C58/0.8) -> 1.4541042 | E58: =1*(1/(G58+0.01))^1.1 -> 0.002115923 | G58: 269.99 | H58: =G58/($H$1-$I$1) -> 0.87121652 | R58: =S58-T58-V58 -> #VALUE! | S58: ='Solar Availability and Gener GR'!F58 -> 0.2448 | T58: 0.66914729 | U58: =S58-T58 -> -0.42434729 | V58: =IF(U58<0,"Buy from Grid","sell the surplus or charge") -> Buy from Grid | W58: =(1*(1/(G58+0.01))^1.1)*(LN(T58+1)) -> 0.0010840146 | AA58: =IF(D58+AF58>0,"discharge","buy from the Grid") -> buy from the Grid | AC58: =(U58*G58)/1000 -> -0.11456952 | AD58: =(T58*G58)/1000 -> 0.18066308 | AF58: =U58+AF57 -> -6.7002363
A59: 58 | B59: =U59 -> 0.36068527 | D59: =(D58)+(B59*0.8)-(C59/0.8) -> 1.7426525 | E59: =1*(1/(G59+0.01))^1.1 -> 0.0029679969 | G59: 198.49 | H59: =G59/($H$1-$I$1) -> 0.64049693 | R59: =S59-T59-V59 -> #VALUE! | S59: ='Solar Availability and Gener GR'!F59 -> 0.7596 | T59: 0.39891473 | U59: =S59-T59 -> 0.36068527 | V59: =IF(U59<0,"Buy from Grid","sell the surplus or charge") -> sell the surplus or charge | W59: =(1*(1/(G59+0.01))^1.1)*(LN(T59+1)) -> 0.00099634688 | X59: =(1*(1/(G59+0.01))^1.1)*(LN(S59+1)) -> 0.001677175 | Y59: =X59/W59 -> 1.6833244 | Z59: =IF(Y59>=2,"sell to the Grid","charge") -> charge | AD59: =(T59*G59)/1000 -> 0.079180584 | AF59: =U59+AF58 -> -6.339551
A60: 59 | D60: =(D59)+(B60*0.8)-(C60/0.8) -> 1.7426525 | E60: =1*(1/(G60+0.01))^1.1 -> 0.0030859571 | G60: 191.58 | H60: =G60/($H$1-$I$1) -> 0.61819942 | R60: =S60-T60-V60 -> #VALUE! | S60: ='Solar Availability and Gener GR'!F60 -> 1.4328 | T60: 0.39891473 | U60: =S60-T60 -> 1.0338853 | V60: =IF(U60<0,"Buy from Grid","sell the surplus or charge") -> sell the surplus or charge | W60: =(1*(1/(G60+0.01))^1.1)*(LN(T60+1)) -> 0.0010359457 | X60: =(1*(1/(G60+0.01))^1.1)*(LN(S60+1)) -> 0.0027435481 | Y60: =X60/W60 -> 2.6483512 | Z60: =IF(Y60>=2,"sell to the Grid","charge") -> sell to the Grid | AB60: =(U60*G60)/1000 -> 0.19807174 | AD60: =(T60*G60)/1000 -> 0.076424084 | AF60: =U60+AF59 -> -5.3056657
A61: 60 | D61: =(D60)+(B61*0.8)-(C61/0.8) -> 1.7426525 | E61: =1*(1/(G61+0.01))^1.1 -> 0.0033009825 | G61: 180.2 | H61: =G61/($H$1-$I$1) -> 0.5814779 | R61: =S61-T61-V61 -> #VALUE! | S61: ='Solar Availability and Gener GR'!F61 -> 1.9116 | T61: 0.39891473 | U61: =S61-T61 -> 1.5126853 | V61: =IF(U61<0,"Buy from Grid","sell the surplus or charge") -> sell the surplus or charge | W61: =(1*(1/(G61+0.01))^1.1)*(LN(T61+1)) -> 0.0011081291 | X61: =(1*(1/(G61+0.01))^1.1)*(LN(S61+1)) -> 0.0035277691 | Y61: =X61/W61 -> 3.1835363 | Z61: =IF(Y61>=2,"sell to the Grid","charge") -> sell to the Grid | AB61: =(U61*G61)/1000 -> 0.27258589 | AD61: =(T61*G61)/1000 -> 0.071884434 | AF61: =U61+AF60 -> -3.7929804
A62: 61 | D62: =(D61)+(B62*0.8)-(C62/0.8) -> 1.7426525 | E62: =1*(1/(G62+0.01))^1.1 -> 0.0034090302 | G62: 175 | H62: =G62/($H$1-$I$1) -> 0.56469829 | R62: =S62-T62-V62 -> #VALUE! | S62: ='Solar Availability and Gener GR'!F62 -> 2.1888 | T62: 0.39891473 | U62: =S62-T62 -> 1.7898853 | V62: =IF(U62<0,"Buy from Grid","sell the surplus or charge") -> sell the surplus or charge | W62: =(1*(1/(G62+0.01))^1.1)*(LN(T62+1)) -> 0.0011444003 | X62: =(1*(1/(G62+0.01))^1.1)*(LN(S62+1)) -> 0.0039532637 | Y62: =X62/W62 -> 3.4544412 | Z62: =IF(Y62>=2,"sell to the Grid","charge") -> sell to the Grid | AB62: =(U62*G62)/1000 -> 0.31322992 | AD62: =(T62*G62)/1000 -> 0.069810078 | AF62: =U62+AF61 -> -2.0030952
A63: 62 | D63: =(D62)+(B63*0.8)-(C63/0.8) -> 1.7426525 | E63: =1*(1/(G63+0.01))^1.1 -> 0.0034141801 | G63: 174.76 | H63: =G63/($H$1-$I$1) -> 0.56392385 | R63: =S63-T63-V63 -> #VALUE! | S63: ='Solar Availability and Gener GR'!F63 -> 2.3508 | T63: 0.39891473 | U63: =S63-T63 -> 1.9518853 | V63: =IF(U63<0,"Buy from Grid","sell the surplus or charge") -> sell the surplus or charge | W63: =(1*(1/(G63+0.01))^1.1)*(LN(T63+1)) -> 0.0011461291 | X63: =(1*(1/(G63+0.01))^1.1)*(LN(S63+1)) -> 0.0041284236 | Y63: =X63/W63 -> 3.602058 | Z63: =IF(Y63>=2,"sell to the Grid","charge") -> sell to the Grid | AB63: =(U63*G63)/1000 -> 0.34111147 | AD63: =(T63*G63)/1000 -> 0.069714338 | AF63: =U63+AF62 -> -0.051209901
A64: 63 | D64: =(D63)+(B64*0.8)-(C64/0.8) -> 1.7426525 | E64: =1*(1/(G64+0.01))^1.1 -> 0.0033009825 | G64: 180.2 | H64: =G64/($H$1-$I$1) -> 0.5814779 | R64: =S64-T64-V64 -> #VALUE! | S64: ='Solar Availability and Gener GR'!F64 -> 2.2356 | T64: 0.39891473 | U64: =S64-T64 -> 1.8366853 | V64: =IF(U64<0,"Buy from Grid","sell the surplus or charge") -> sell the surplus or charge | W64: =(1*(1/(G64+0.01))^1.1)*(LN(T64+1)) -> 0.0011081291 | X64: =(1*(1/(G64+0.01))^1.1)*(LN(S64+1)) -> 0.0038760612 | Y64: =X64/W64 -> 3.4978426 | Z64: =IF(Y64>=2,"sell to the Grid","charge") -> sell to the Grid | AB64: =(U64*G64)/1000 -> 0.33097069 | AD64: =(T64*G64)/1000 -> 0.071884434 | AF64: =U64+AF63 -> 1.7854754
A65: 64 | D65: =(D64)+(B65*0.8)-(C65/0.8) -> 1.7426525 | E65: =1*(1/(G65+0.01))^1.1 -> 0.0021160954 | G65: 269.97 | H65: =G65/($H$1-$I$1) -> 0.87115198 | R65: =S65-T65-V65 -> #VALUE! | S65: ='Solar Availability and Gener GR'!F65 -> 1.9476 | T65: 0.39891473 | U65: =S65-T65 -> 1.5486853 | V65: =IF(U65<0,"Buy from Grid","sell the surplus or charge") -> sell the surplus or charge | W65: =(1*(1/(G65+0.01))^1.1)*(LN(T65+1)) -> 0.00071036634 | X65: =(1*(1/(G65+0.01))^1.1)*(LN(S65+1)) -> 0.0022874807 | Y65: =X65/W65 -> 3.2201423 | Z65: =IF(Y65>=2,"sell to the Grid","charge") -> sell to the Grid | AB65: =(U65*G65)/1000 -> 0.41809856 | AD65: =(T65*G65)/1000 -> 0.10769501 | AF65: =U65+AF64 -> 3.3341606
A66: 65 | D66: =(D65)+(B66*0.8)-(C66/0.8) -> 1.7426525 | E66: =1*(1/(G66+0.01))^1.1 -> 0.0015698334 | G66: 354.17 | H66: =G66/($H$1-$I$1) -> 1.1428525 | R66: =S66-T66-V66 -> #VALUE! | S66: ='Solar Availability and Gener GR'!F66 -> 1.5048 | T66: 0.39891473 | U66: =S66-T66 -> 1.1058853 | V66: =IF(U66<0,"Buy from Grid","sell the surplus or charge") -> sell the surplus or charge | W66: =(1*(1/(G66+0.01))^1.1)*(LN(T66+1)) -> 0.00052698796 | X66: =(1*(1/(G66+0.01))^1.1)*(LN(S66+1)) -> 0.001441435 | Y66: =X66/W66 -> 2.7352332 | Z66: =IF(Y66>=2,"sell to the Grid","charge") -> sell to the Grid | AB66: =(U66*G66)/1000 -> 0.39167139 | AD66: =(T66*G66)/1000 -> 0.14128363 | AF66: =U66+AF65 -> 4.4400459
A67: 66 | B67: =U67 -> 0.28332093 | D67: =(D66)+(B67*0.8)-(C67/0.8) -> 1.9693092 | E67: =1*(1/(G67+0.01))^1.1 -> 0.0014998161 | G67: 369.17 | H67: =G67/($H$1-$I$1) -> 1.1912552 | R67: =S67-T67-V67 -> #VALUE! | S67: ='Solar Availability and Gener GR'!F67 -> 0.9396 | T67: 0.65627907 | U67: =S67-T67 -> 0.28332093 | V67: =IF(U67<0,"Buy from Grid","sell the surplus or charge") -> sell the surplus or charge | W67: =(1*(1/(G67+0.01))^1.1)*(LN(T67+1)) -> 0.00075676756 | X67: =(1*(1/(G67+0.01))^1.1)*(LN(S67+1)) -> 0.00099360083 | Y67: =X67/W67 -> 1.3129538 | Z67: =IF(Y67>=2,"sell to the Grid","charge") -> charge | AD67: =(T67*G67)/1000 -> 0.24227854 | AF67: =U67+AF66 -> 4.7233668
A68: 67 | C68: 0 | D68: =(D67)+(B68*0.8)-(C68/0.8) -> 1.9693092 | E68: =1*(1/(G68+0.01))^1.1 -> 0.0016183706 | G68: 344.5 | H68: =G68/($H$1-$I$1) -> 1.1116489 | R68: =S68-T68-V68 -> #VALUE! | S68: ='Solar Availability and Gener GR'!F68 -> 0.3456 | T68: 0.66914729 | U68: =S68-T68 -> -0.32354729 | V68: =IF(U68<0,"Buy from Grid","sell the surplus or charge") -> Buy from Grid | W68: =(1*(1/(G68+0.01))^1.1)*(LN(T68+1)) -> 0.00082911213 | AA68: =IF(D68+AF68>0,"discharge","buy from the Grid") -> discharge | AD68: =(T68*G68)/1000 -> 0.23052124 | AF68: =U68+AF67 -> 4.3998196
A69: 68 | C69: 0 | D69: =(D68)+(B69*0.8)-(C69/0.8) -> 1.9693092 | E69: =1*(1/(G69+0.01))^1.1 -> 0.0015945778 | G69: 349.17 | H69: =G69/($H$1-$I$1) -> 1.1267183 | R69: =S69-T69-V69 -> #VALUE! | S69: ='Solar Availability and Gener GR'!F69 -> 0.0288 | T69: 0.65627907 | U69: =S69-T69 -> -0.62747907 | V69: =IF(U69<0,"Buy from Grid","sell the surplus or charge") -> Buy from Grid | W69: =(1*(1/(G69+0.01))^1.1)*(LN(T69+1)) -> 0.00080458178 | AA69: =IF(D69+AF69>0,"discharge","buy from the Grid") -> discharge | AD69: =(T69*G69)/1000 -> 0.22915296 | AF69: =U69+AF68 -> 3.7723405
A70: 69 | C70: 0 | D70: =(D69)+(B70*0.8)-(C70/0.8) -> 1.9693092 | E70: =1*(1/(G70+0.01))^1.1 -> 0.0016261573 | G70: 343 | H70: =G70/($H$1-$I$1) -> 1.1068086 | R70: =S70-T70-V70 -> #VALUE! | S70: ='Solar Availability and Gener GR'!F70 -> 0 | T70: 0.66914729 | U70: =S70-T70 -> -0.66914729 | V70: =IF(U70<0,"Buy from Grid","sell the surplus or charge") -> Buy from Grid | W70: =(1*(1/(G70+0.01))^1.1)*(LN(T70+1)) -> 0.00083310132 | AA70: =IF(D70+AF70>0,"discharge","buy from the Grid") -> discharge | AD70: =(T70*G70)/1000 -> 0.22951752 | AF70: =U70+AF69 -> 3.1031932
A71: 70 | C71: 0 | D71: =(D70)+(B71*0.8)-(C71/0.8) -> 1.9693092 | E71: =1*(1/(G71+0.01))^1.1 -> 0.0021093051 | G71: 270.76 | H71: =G71/($H$1-$I$1) -> 0.87370119 | R71: =S71-T71-V71 -> #VALUE! | S71: ='Solar Availability and Gener GR'!F71 -> 0 | T71: 0.39891473 | U71: =S71-T71 -> -0.39891473 | V71: =IF(U71<0,"Buy from Grid","sell the surplus or charge") -> Buy from Grid | W71: =(1*(1/(G71+0.01))^1.1)*(LN(T71+1)) -> 0.00070808685 | AA71: =IF(D71+AF71>0,"discharge","buy from the Grid") -> discharge | AD71: =(T71*G71)/1000 -> 0.10801015 | AF71: =U71+AF70 -> 2.7042785
A72: 71 | C72: 0 | D72: =(D71)+(B72*0.8)-(C72/0.8) -> 1.9693092 | E72: =1*(1/(G72+0.01))^1.1 -> 0.0023670321 | G72: 243.82 | H72: =G72/($H$1-$I$1) -> 0.78676993 | R72: =S72-T72-V72 -> #VALUE! | S72: ='Solar Availability and Gener GR'!F72 -> 0 | T72: 0.39891473 | U72: =S72-T72 -> -0.39891473 | V72: =IF(U72<0,"Buy from Grid","sell the surplus or charge") -> Buy from Grid | W72: =(1*(1/(G72+0.01))^1.1)*(LN(T72+1)) -> 0.00079460496 | AA72: =IF(D72+AF72>0,"discharge","buy from the Grid") -> discharge | AD72: =(T72*G72)/1000 -> 0.097263389 | AF72: =U72+AF71 -> 2.3053637
A73: 72 | C73: 0 | D73: =(D72)+(B73*0.8)-(C73/0.8) -> 1.9693092 | E73: =1*(1/(G73+0.01))^1.1 -> 0.0040392396 | G73: 149.99 | H73: =G73/($H$1-$I$1) -> 0.48399484 | R73: =S73-T73-V73 -> #VALUE! | S73: ='Solar Availability and Gener GR'!F73 -> 0 | T73: 0.39891473 | U73: =S73-T73 -> -0.39891473 | V73: =IF(U73<0,"Buy from Grid","sell the surplus or charge") -> Buy from Grid | W73: =(1*(1/(G73+0.01))^1.1)*(LN(T73+1)) -> 0.0013559596 | AA73: =IF(D73+AF73>0,"discharge","buy from the Grid") -> discharge | AD73: =(T73*G73)/1000 -> 0.05983322 | AF73: =U73+AF72 -> 1.906449
A74: 73 | C74: 0 | D74: =(D73)+(B74*0.8)-(C74/0.8) -> 1.9693092 | E74: =1*(1/(G74+0.01))^1.1 -> 0.0039897653 | G74: 151.68 | H74: =G74/($H$1-$I$1) -> 0.48944821 | R74: =S74-T74-V74 -> #VALUE! | S74: ='Solar Availability and Gener GR'!F74 -> 0 | T74: 0.29596899 | U74: =S74-T74 -> -0.29596899 | V74: =IF(U74<0,"Buy from Grid","sell the surplus or charge") -> Buy from Grid | W74: =(1*(1/(G74+0.01))^1.1)*(LN(T74+1)) -> 0.0010343813 | AA74: =IF(D74+AF74>0,"discharge","buy from the Grid") -> discharge | AD74: =(T74*G74)/1000 -> 0.044892577 | AF74: =U74+AF73 -> 1.61048
A75: 74 | C75: 0 | D75: =(D74)+(B75*0.8)-(C75/0.8) -> 1.9693092 | E75: =1*(1/(G75+0.01))^1.1 -> 0.0027004605 | G75: 216.29 | H75: =G75/($H$1-$I$1) -> 0.69793482 | R75: =S75-T75-V75 -> #VALUE! | S75: ='Solar Availability and Gener GR'!F75 -> 0 | T75: 0.29596899 | U75: =S75-T75 -> -0.29596899 | V75: =IF(U75<0,"Buy from Grid","sell the surplus or charge") -> Buy from Grid | W75: =(1*(1/(G75+0.01))^1.1)*(LN(T75+1)) -> 0.0007001178 | AA75: =IF(D75+AF75>0,"discharge","buy from the Grid") -> discharge | AD75: =(T75*G75)/1000 -> 0.064015133 | AF75: =U75+AF74 -> 1.314511
A76: 75 | C76: 0 | D76: =(D75)+(B76*0.8)-(C76/0.8) -> 1.9693092 | E76: =1*(1/(G76+0.01))^1.1 -> 0.0038908984 | G76: 155.18 | H76: =G76/($H$1-$I$1) -> 0.50074217 | R76: =S76-T76-V76 -> #VALUE! | S76: ='Solar Availability and Gener GR'!F76 -> 0 | T76: 0.29596899 | U76: =S76-T76 -> -0.29596899 | V76: =IF(U76<0,"Buy from Grid","sell the surplus or charge") -> Buy from Grid | W76: =(1*(1/(G76+0.01))^1.1)*(LN(T76+1)) -> 0.0010087492 | AA76: =IF(D76+AF76>0,"discharge","buy from the Grid") -> discharge | AD76: =(T76*G76)/1000 -> 0.045928468 | AF76: =U76+AF75 -> 1.018542
A77: 76 | C77: 0 | D77: =(D76)+(B77*0.8)-(C77/0.8) -> 1.9693092 | E77: =1*(1/(G77+0.01))^1.1 -> 0.004727435 | G77: 130 | H77: =G77/($H$1-$I$1) -> 0.41949016 | R77: =S77-T77-V77 -> #VALUE! | S77: ='Solar Availability and Gener GR'!F77 -> 0 | T77: 0.29596899 | U77: =S77-T77 -> -0.29596899 | V77: =IF(U77<0,"Buy from Grid","sell the surplus or charge") -> Buy from Grid | W77: =(1*(1/(G77+0.01))^1.1)*(LN(T77+1)) -> 0.0012256285 | AA77: =IF(D77+AF77>0,"discharge","buy from the Grid") -> discharge | AD77: =(T77*G77)/1000 -> 0.038475969 | AF77: =U77+AF76 -> 0.72257304
A78: 77 | C78: 0 | D78: =(D77)+(B78*0.8)-(C78/0.8) -> 1.9693092 | E78: =1*(1/(G78+0.01))^1.1 -> 0.0040350967 | G78: 150.13 | H78: =G78/($H$1-$I$1) -> 0.4844466 | R78: =S78-T78-V78 -> #VALUE! | S78: ='Solar Availability and Gener GR'!F78 -> 0 | T78: 0.29596899 | U78: =S78-T78 -> -0.29596899 | V78: =IF(U78<0,"Buy from Grid","sell the surplus or charge") -> Buy from Grid | W78: =(1*(1/(G78+0.01))^1.1)*(LN(T78+1)) -> 0.0010461338 | AA78: =IF(D78+AF78>0,"discharge","buy from the Grid") -> discharge | AD78: =(T78*G78)/1000 -> 0.044433825 | AF78: =U78+AF77 -> 0.42660405
A79: 78 | C79: 0 | D79: =(D78)+(B79*0.8)-(C79/0.8) -> 1.9693092 | E79: =1*(1/(G79+0.01))^1.1 -> 0.0022308949 | G79: 257.31 | H79: =G79/($H$1-$I$1) -> 0.8303001 | R79: =S79-T79-V79 -> #VALUE! | S79: ='Solar Availability and Gener GR'!F79 -> 0 | T79: 0.39891473 | U79: =S79-T79 -> -0.39891473 | V79: =IF(U79<0,"Buy from Grid","sell the surplus or charge") -> Buy from Grid | W79: =(1*(1/(G79+0.01))^1.1)*(LN(T79+1)) -> 0.00074890414 | AA79: =IF(D79+AF79>0,"discharge","buy from the Grid") -> discharge | AD79: =(T79*G79)/1000 -> 0.10264475 | AF79: =U79+AF78 -> 0.027689324
... A82: 81 | C82: 0 | D82: =(D81)+(B82*0.8)-(C82/0.8) -> 1.9693092 | E82: =1*(1/(G82+0.01))^1.1 -> 0.0026809573 | G82: 217.72 | H82: =G82/($H$1-$I$1) -> 0.70254921 | R82: =S82-T82-V82 -> #VALUE! | S82: ='Solar Availability and Gener GR'!F82 -> 0.5508 | T82: 0.65627907 | U82: =S82-T82 -> -0.10547907 | V82: =IF(U82<0,"Buy from Grid","sell the surplus or charge") -> Buy from Grid | W82: =(1*(1/(G82+0.01))^1.1)*(LN(T82+1)) -> 0.0013527402 | AA82: =IF(D82+AF82>0,"discharge","buy from the Grid") -> discharge | AD82: =(T82*G82)/1000 -> 0.14288508 | AF82: =U82+AF81 -> -1.2607479
A83: 82 | D83: =(D82)+(B83*0.8)-(C83/0.8) -> 1.9693092 | E83: =1*(1/(G83+0.01))^1.1 -> 0.0030923481 | G83: 191.22 | H83: =G83/($H$1-$I$1) -> 0.61703775 | R83: =S83-T83-V83 -> #VALUE! | S83: ='Solar Availability and Gener GR'!F83 -> 1.0692 | T83: 0.39891473 | U83: =S83-T83 -> 0.67028527 | V83: =IF(U83<0,"Buy from Grid","sell the surplus or charge") -> sell the surplus or charge | W83: =(1*(1/(G83+0.01))^1.1)*(LN(T83+1)) -> 0.0010380912 | X83: =(1*(1/(G83+0.01))^1.1)*(LN(S83+1)) -> 0.0022486382 | Y83: =X83/W83 -> 2.1661278 | Z83: =IF(Y83>=2,"sell to the Grid","charge") -> sell to the Grid | AB83: =(U83*G83)/1000 -> 0.12817195 | AD83: =(T83*G83)/1000 -> 0.076280474 | AF83: =U83+AF82 -> -0.59046261
A84: 83 | D84: =(D83)+(B84*0.8)-(C84/0.8) -> 1.9693092 | E84: =1*(1/(G84+0.01))^1.1 -> 0.0032293565 | G84: 183.83 | H84: =G84/($H$1-$I$1) -> 0.59319135 | R84: =S84-T84-V84 -> #VALUE! | S84: ='Solar Availability and Gener GR'!F84 -> 1.89 | T84: 0.39891473 | U84: =S84-T84 -> 1.4910853 | V84: =IF(U84<0,"Buy from Grid","sell the surplus or charge") -> sell the surplus or charge | W84: =(1*(1/(G84+0.01))^1.1)*(LN(T84+1)) -> 0.0010840844 | X84: =(1*(1/(G84+0.01))^1.1)*(LN(S84+1)) -> 0.0034271756 | Y84: =X84/W84 -> 3.1613548 | Z84: =IF(Y84>=2,"sell to the Grid","charge") -> sell to the Grid | AB84: =(U84*G84)/1000 -> 0.27410621 | AD84: =(T84*G84)/1000 -> 0.073332495 | AF84: =U84+AF83 -> 0.90062266
A85: 84 | D85: =(D84)+(B85*0.8)-(C85/0.8) -> 1.9693092 | E85: =1*(1/(G85+0.01))^1.1 -> 0.0034414625 | G85: 173.5 | H85: =G85/($H$1-$I$1) -> 0.55985802 | R85: =S85-T85-V85 -> #VALUE! | S85: ='Solar Availability and Gener GR'!F85 -> 2.4264 | T85: 0.39891473 | U85: =S85-T85 -> 2.0274853 | V85: =IF(U85<0,"Buy from Grid","sell the surplus or charge") -> sell the surplus or charge | W85: =(1*(1/(G85+0.01))^1.1)*(LN(T85+1)) -> 0.0011552877 | X85: =(1*(1/(G85+0.01))^1.1)*(LN(S85+1)) -> 0.004238196 | Y85: =X85/W85 -> 3.6685198 | Z85: =IF(Y85>=2,"sell to the Grid","charge") -> sell to the Grid | AB85: =(U85*G85)/1000 -> 0.35176869 | AD85: =(T85*G85)/1000 -> 0.069211705 | AF85: =U85+AF84 -> 2.9281079
A86: 85 | D86: =(D85)+(B86*0.8)-(C86/0.8) -> 1.9693092 | E86: =1*(1/(G86+0.01))^1.1 -> 0.0035329611 | G86: 169.41 | H86: =G86/($H$1-$I$1) -> 0.54666021 | R86: =S86-T86-V86 -> #VALUE! | S86: ='Solar Availability and Gener GR'!F86 -> 2.6748 | T86: 0.39891473 | U86: =S86-T86 -> 2.2758853 | V86: =IF(U86<0,"Buy from Grid","sell the surplus or charge") -> sell the surplus or charge | W86: =(1*(1/(G86+0.01))^1.1)*(LN(T86+1)) -> 0.0011860035 | X86: =(1*(1/(G86+0.01))^1.1)*(LN(S86+1)) -> 0.0045981443 | Y86: =X86/W86 -> 3.8770073 | Z86: =IF(Y86>=2,"sell to the Grid","charge") -> sell to the Grid | AB86: =(U86*G86)/1000 -> 0.38555772 | AD86: =(T86*G86)/1000 -> 0.067580144 | AF86: =U86+AF85 -> 5.2039932
A87: 86 | D87: =(D86)+(B87*0.8)-(C87/0.8) -> 1.9693092 | E87: =1*(1/(G87+0.01))^1.1 -> 0.0034744889 | G87: 172 | H87: =G87/($H$1-$I$1) -> 0.55501775 | R87: =S87-T87-V87 -> #VALUE! | S87: ='Solar Availability and Gener GR'!F87 -> 2.79 | T87: 0.39891473 | U87: =S87-T87 -> 2.3910853 | V87: =IF(U87<0,"Buy from Grid","sell the surplus or charge") -> sell the surplus or charge | W87: =(1*(1/(G87+0.01))^1.1)*(LN(T87+1)) -> 0.0011663746 | X87: =(1*(1/(G87+0.01))^1.1)*(LN(S87+1)) -> 0.004629291 | Y87: =X87/W87 -> 3.9689573 | Z87: =IF(Y87>=2,"sell to the Grid","charge") -> sell to the Grid | AB87: =(U87*G87)/1000 -> 0.41126667 | AD87: =(T87*G87)/1000 -> 0.068613333 | AF87: =U87+AF86 -> 7.5950785
A88: 87 | D88: =(D87)+(B88*0.8)-(C88/0.8) -> 1.9693092 | E88: =1*(1/(G88+0.01))^1.1 -> 0.0026985391 | G88: 216.43 | H88: =G88/($H$1-$I$1) -> 0.69838658 | R88: =S88-T88-V88 -> #VALUE! | S88: ='Solar Availability and Gener GR'!F88 -> 2.6352 | T88: 0.39891473 | U88: =S88-T88 -> 2.2362853 | V88: =IF(U88<0,"Buy from Grid","sell the surplus or charge") -> sell the surplus or charge | W88: =(1*(1/(G88+0.01))^1.1)*(LN(T88+1)) -> 0.0009058908 | X88: =(1*(1/(G88+0.01))^1.1)*(LN(S88+1)) -> 0.0034829077 | Y88: =X88/W88 -> 3.8447324 | Z88: =IF(Y88>=2,"sell to the Grid","charge") -> sell to the Grid | AB88: =(U88*G88)/1000 -> 0.48399922 | AD88: =(T88*G88)/1000 -> 0.086337115 | AF88: =U88+AF87 -> 9.8313637
A89: 88 | D89: =(D88)+(B89*0.8)-(C89/0.8) -> 1.9693092 | E89: =1*(1/(G89+0.01))^1.1 -> 0.0018709218 | G89: 301.95 | H89: =G89/($H$1-$I$1) -> 0.97434656 | R89: =S89-T89-V89 -> #VALUE! | S89: ='Solar Availability and Gener GR'!F89 -> 2.3508 | T89: 0.66914729 | U89: =S89-T89 -> 1.6816527 | V89: =IF(U89<0,"Buy from Grid","sell the surplus or charge") -> sell the surplus or charge | W89: =(1*(1/(G89+0.01))^1.1)*(LN(T89+1)) -> 0.00095849737 | X89: =(1*(1/(G89+0.01))^1.1)*(LN(S89+1)) -> 0.002262317 | Y89: =X89/W89 -> 2.3602746 | Z89: =IF(Y89>=2,"sell to the Grid","charge") -> sell to the Grid | AB89: =(U89*G89)/1000 -> 0.50777504 | AD89: =(T89*G89)/1000 -> 0.20204902 | AF89: =U89+AF88 -> 11.513016
A90: 89 | D90: =(D89)+(B90*0.8)-(C90/0.8) -> 1.9693092 | E90: =1*(1/(G90+0.01))^1.1 -> 0.001531082 | G90: 362.31 | H90: =G90/($H$1-$I$1) -> 1.1691191 | R90: =S90-T90-V90 -> #VALUE! | S90: ='Solar Availability and Gener GR'!F90 -> 1.926 | T90: 0.66914729 | U90: =S90-T90 -> 1.2568527 | V90: =IF(U90<0,"Buy from Grid","sell the surplus or charge") -> sell the surplus or charge | W90: =(1*(1/(G90+0.01))^1.1)*(LN(T90+1)) -> 0.00078439306 | X90: =(1*(1/(G90+0.01))^1.1)*(LN(S90+1)) -> 0.0016438253 | Y90: =X90/W90 -> 2.0956652 | Z90: =IF(Y90>=2,"sell to the Grid","charge") -> sell to the Grid | AB90: =(U90*G90)/1000 -> 0.45537031 | AD90: =(T90*G90)/1000 -> 0.24243875 | AF90: =U90+AF89 -> 12.769869
A91: 90 | D91: =(D90)+(B91*0.8)-(C91/0.8) -> 1.9693092 | E91: =1*(1/(G91+0.01))^1.1 -> 0.0016997049 | G91: 329.48 | H91: =G91/($H$1-$I$1) -> 1.0631817 | R91: =S91-T91-V91 -> #VALUE! | S91: ='Solar Availability and Gener GR'!F91 -> 1.314 | T91: 0.39891473 | U91: =S91-T91 -> 0.91508527 | V91: =IF(U91<0,"Buy from Grid","sell the surplus or charge") -> sell the surplus or charge | W91: =(1*(1/(G91+0.01))^1.1)*(LN(T91+1)) -> 0.00057058541 | X91: =(1*(1/(G91+0.01))^1.1)*(LN(S91+1)) -> 0.0014260144 | Y91: =X91/W91 -> 2.4992129 | Z91: =IF(Y91>=2,"sell to the Grid","charge") -> sell to the Grid | AB91: =(U91*G91)/1000 -> 0.3015023 | AD91: =(T91*G91)/1000 -> 0.13143442 | AF91: =U91+AF90 -> 13.684954
A92: 91 | B92: =U92 -> 0.27428527 | D92: =(D91)+(B92*0.8)-(C92/0.8) -> 2.1887374 | E92: =1*(1/(G92+0.01))^1.1 -> 0.0017734532 | G92: 317 | H92: =G92/($H$1-$I$1) -> 1.0229106 | R92: =S92-T92-V92 -> #VALUE! | S92: ='Solar Availability and Gener GR'!F92 -> 0.6732 | T92: 0.39891473 | U92: =S92-T92 -> 0.27428527 | V92: =IF(U92<0,"Buy from Grid","sell the surplus or charge") -> sell the surplus or charge | W92: =(1*(1/(G92+0.01))^1.1)*(LN(T92+1)) -> 0.00059534247 | X92: =(1*(1/(G92+0.01))^1.1)*(LN(S92+1)) -> 0.0009128637 | Y92: =X92/W92 -> 1.5333421 | Z92: =IF(Y92>=2,"sell to the Grid","charge") -> charge | AD92: =(T92*G92)/1000 -> 0.12645597 | AF92: =U92+AF91 -> 13.95924
A93: 92 | C93: 0 | D93: =(D92)+(B93*0.8)-(C93/0.8) -> 2.1887374 | E93: =1*(1/(G93+0.01))^1.1 -> 0.002250416 | G93: 255.28 | H93: =G93/($H$1-$I$1) -> 0.8237496 | R93: =S93-T93-V93 -> #VALUE! | S93: ='Solar Availability and Gener GR'!F93 -> 0.144 | T93: 0.65627907 | U93: =S93-T93 -> -0.51227907 | V93: =IF(U93<0,"Buy from Grid","sell the surplus or charge") -> Buy from Grid | W93: =(1*(1/(G93+0.01))^1.1)*(LN(T93+1)) -> 0.0011355004 | AA93: =IF(D93+AF93>0,"discharge","buy from the Grid") -> discharge | AD93: =(T93*G93)/1000 -> 0.16753492 | AF93: =U93+AF92 -> 13.446961
A94: 93 | C94: 0 | D94: =(D93)+(B94*0.8)-(C94/0.8) -> 2.1887374 | E94: =1*(1/(G94+0.01))^1.1 -> 0.0022453846 | G94: 255.8 | H94: =G94/($H$1-$I$1) -> 0.82542756 | R94: =S94-T94-V94 -> #VALUE! | S94: ='Solar Availability and Gener GR'!F94 -> 0.001224 | T94: 0.65627907 | U94: =S94-T94 -> -0.65505507 | V94: =IF(U94<0,"Buy from Grid","sell the surplus or charge") -> Buy from Grid | W94: =(1*(1/(G94+0.01))^1.1)*(LN(T94+1)) -> 0.0011329617 | AA94: =IF(D94+AF94>0,"discharge","buy from the Grid") -> discharge | AD94: =(T94*G94)/1000 -> 0.16787619 | AF94: =U94+AF93 -> 12.791906
A95: 94 | C95: 0 | D95: =(D94)+(B95*0.8)-(C95/0.8) -> 2.1887374 | E95: =1*(1/(G95+0.01))^1.1 -> 0.0031131143 | G95: 190.06 | H95: =G95/($H$1-$I$1) -> 0.61329461 | R95: =S95-T95-V95 -> #VALUE! | S95: ='Solar Availability and Gener GR'!F95 -> 0 | T95: 0.39891473 | U95: =S95-T95 -> -0.39891473 | V95: =IF(U95<0,"Buy from Grid","sell the surplus or charge") -> Buy from Grid | W95: =(1*(1/(G95+0.01))^1.1)*(LN(T95+1)) -> 0.0010450623 | AA95: =IF(D95+AF95>0,"discharge","buy from the Grid") -> discharge | AD95: =(T95*G95)/1000 -> 0.075817733 | AF95: =U95+AF94 -> 12.392991
A96: 95 | C96: 0 | D96: =(D95)+(B96*0.8)-(C96/0.8) -> 2.1887374 | E96: =1*(1/(G96+0.01))^1.1 -> 0.003305219 | G96: 179.99 | H96: =G96/($H$1-$I$1) -> 0.58080026 | R96: =S96-T96-V96 -> #VALUE! | S96: ='Solar Availability and Gener GR'!F96 -> 0 | T96: 0.39891473 | U96: =S96-T96 -> -0.39891473 | V96: =IF(U96<0,"Buy from Grid","sell the surplus or charge") -> Buy from Grid | W96: =(1*(1/(G96+0.01))^1.1)*(LN(T96+1)) -> 0.0011095513 | AA96: =IF(D96+AF96>0,"discharge","buy from the Grid") -> discharge | AD96: =(T96*G96)/1000 -> 0.071800662 | AF96: =U96+AF95 -> 11.994076
A97: 96 | C97: 0 | D97: =(D96)+(B97*0.8)-(C97/0.8) -> 2.1887374 | E97: =1*(1/(G97+0.01))^1.1 -> 0.0044304176 | G97: 137.9 | H97: =G97/($H$1-$I$1) -> 0.44498225 | R97: =S97-T97-V97 -> #VALUE! | S97: ='Solar Availability and Gener GR'!F97 -> 0 | T97: 0.39891473 | U97: =S97-T97 -> -0.39891473 | V97: =IF(U97<0,"Buy from Grid","sell the surplus or charge") -> Buy from Grid | W97: =(1*(1/(G97+0.01))^1.1)*(LN(T97+1)) -> 0.0014872768 | AA97: =IF(D97+AF97>0,"discharge","buy from the Grid") -> discharge | AD97: =(T97*G97)/1000 -> 0.055010341 | AF97: =U97+AF96 -> 11.595161
A98: 97 | C98: 0 | D98: =(D97)+(B98*0.8)-(C98/0.8) -> 2.1887374 | E98: =1*(1/(G98+0.01))^1.1 -> 0.0040101166 | G98: 150.98 | H98: =G98/($H$1-$I$1) -> 0.48718942 | R98: =S98-T98-V98 -> #VALUE! | S98: ='Solar Availability and Gener GR'!F98 -> 0 | T98: 0.30883721 | U98: =S98-T98 -> -0.30883721 | V98: =IF(U98<0,"Buy from Grid","sell the surplus or charge") -> Buy from Grid | W98: =(1*(1/(G98+0.01))^1.1)*(LN(T98+1)) -> 0.0010792792 | AA98: =IF(D98+AF98>0,"discharge","buy from the Grid") -> discharge | AD98: =(T98*G98)/1000 -> 0.046628242 | AF98: =U98+AF97 -> 11.286324
A99: 98 | C99: 0 | D99: =(D98)+(B99*0.8)-(C99/0.8) -> 2.1887374 | E99: =1*(1/(G99+0.01))^1.1 -> 0.005024184 | G99: 123 | H99: =G99/($H$1-$I$1) -> 0.39690223 | R99: =S99-T99-V99 -> #VALUE! | S99: ='Solar Availability and Gener GR'!F99 -> 0 | T99: 0.29596899 | U99: =S99-T99 -> -0.29596899 | V99: =IF(U99<0,"Buy from Grid","sell the surplus or charge") -> Buy from Grid | W99: =(1*(1/(G99+0.01))^1.1)*(LN(T99+1)) -> 0.0013025633 | AA99: =IF(D99+AF99>0,"discharge","buy from the Grid") -> discharge | AD99: =(T99*G99)/1000 -> 0.036404186 | AF99: =U99+AF98 -> 10.990355
A100: 99 | C100: 0 | D100: =(D99)+(B100*0.8)-(C100/0.8) -> 2.1887374 | E100: =1*(1/(G100+0.01))^1.1 -> 0.0058564333 | G100: 107 | H100: =G100/($H$1-$I$1) -> 0.34527267 | R100: =S100-T100-V100 -> #VALUE! | S100: ='Solar Availability and Gener GR'!F100 -> 0 | T100: 0.29596899 | U100: =S100-T100 -> -0.29596899 | V100: =IF(U100<0,"Buy from Grid","sell the surplus or charge") -> Buy from Grid | W100: =(1*(1/(G100+0.01))^1.1)*(LN(T100+1)) -> 0.0015183311 | AA100: =IF(D100+AF100>0,"discharge","buy from the Grid") -> discharge | AD100: =(T100*G100)/1000 -> 0.031668682 | AF100: =U100+AF99 -> 10.694386
A101: 100 | C101: 0 | D101: =(D100)+(B101*0.8)-(C101/0.8) -> 2.1887374 | E101: =1*(1/(G101+0.01))^1.1 -> 0.0063088795 | G101: 100 | H101: =G101/($H$1-$I$1) -> 0.32268474 | R101: =S101-T101-V101 -> #VALUE! | S101: ='Solar Availability and Gener GR'!F101 -> 0 | T101: 0.29596899 | U101: =S101-T101 -> -0.29596899 | V101: =IF(U101<0,"Buy from Grid","sell the surplus or charge") -> Buy from Grid | W101: =(1*(1/(G101+0.01))^1.1)*(LN(T101+1)) -> 0.0016356317 | AA101: =IF(D101+AF101>0,"discharge","buy from the Grid") -> discharge | AD101: =(T101*G101)/1000 -> 0.029596899 | AF101: =U101+AF100 -> 10.398417
A102: 101 | C102: 0 | D102: =(D101)+(B102*0.8)-(C102/0.8) -> 2.1887374 | E102: =1*(1/(G102+0.01))^1.1 -> 0.0037621678 | G102: 160 | H102: =G102/($H$1-$I$1) -> 0.51629558 | R102: =S102-T102-V102 -> #VALUE! | S102: ='Solar Availability and Gener GR'!F102 -> 0 | T102: 0.29596899 | U102: =S102-T102 -> -0.29596899 | V102: =IF(U102<0,"Buy from Grid","sell the surplus or charge") -> Buy from Grid | W102: =(1*(1/(G102+0.01))^1.1)*(LN(T102+1)) -> 0.00097537463 | AA102: =IF(D102+AF102>0,"discharge","buy from the Grid") -> discharge | AD102: =(T102*G102)/1000 -> 0.047355039 | AF102: =U102+AF101 -> 10.102448
A103: 102 | C103: 0 | D103: =(D102)+(B103*0.8)-(C103/0.8) -> 2.1887374 | E103: =1*(1/(G103+0.01))^1.1 -> 0.0021768613 | G103: 263.11 | H103: =G103/($H$1-$I$1) -> 0.84901581 | R103: =S103-T103-V103 -> #VALUE! | S103: ='Solar Availability and Gener GR'!F103 -> 0 | T103: 0.39891473 | U103: =S103-T103 -> -0.39891473 | V103: =IF(U103<0,"Buy from Grid","sell the surplus or charge") -> Buy from Grid | W103: =(1*(1/(G103+0.01))^1.1)*(LN(T103+1)) -> 0.00073076524 | AA103: =IF(D103+AF103>0,"discharge","buy from the Grid") -> discharge | AD103: =(T103*G103)/1000 -> 0.10495845 | AF103: =U103+AF102 -> 9.7035335
...

Sheet Sheet2
A1: =MAX(A3:A182) -> 0.0037648538
A3: 0.00065396714
A4: 0.0005526226
A5: 0.00065566957
A6: 0.00063613652
A7: 0.00064121573
A8: 0.00081740187
A9: 0.0012358343
A10: 0.001281519
A11: 0.001604091
A12: 0.0010672143
A13: 0.00089202051
A14: 0.00094505045
... A182: 0.00079318304

Sheet Daily Demand per household
A1: 16.6 | B1: 18 | C1: 20 | D1: 22 | E1: 24 | F1: 26 | G1: 28 | H1: Annual Demand (TWh)
A2: 2022 | B2: 2025 | C2: 2030 | D2: 2035 | E2: 2040 | F2: 2045 | G2: 2050 | H2: Year
A3: =A1*10^9/(30*4300000) -> 128.68217 | B3: =B1*10^9/(30*4300000) -> 139.53488 | C3: =C1*10^9/(30*4300000) -> 155.03876 | D3: =D1*10^9/(30*4300000) -> 170.54264 | E3: =E1*10^9/(30*4300000) -> 186.04651 | F3: =F1*10^9/(30*4300000) -> 201.55039 | G3: =G1*10^9/(30*4300000) -> 217.05426 | H3: Daily Demand per household (KWh)

Sheet Utility Function plus20%
A1: Hour_Index | B1: Battery_Charge_kWh | C1: Battery_Discharge_kWh | D1: SOC_kWh | E1: Spot Price | F1: MIN charge | G1: MAX charge | K1: Generated from Pv kwh | L1: household Demand Kwh | M1: Surplus/Deficit (Kwh) | N1: Export to Grid Kwh from PV | O1: SC,min | P1: α, sc,opt | Q1: P,sell | R1: Utility based on PV, opt | S1: Utility based on PV, min | T1: Calculated Spot Price with Upv,min and a,sc,opt | U1: Charge or Sell to grid | V1: Buy from Grid or import from Discharge | W1: income | X1: payment | Y1: expences at current regime | AA1: Surplus/Deficit cumulative | AC1: Consumption from Grid | AD1: C+SC
A2: 1 | B2: =D2 -> 1.2 | C2: 0 | D2: =F5*0.1 -> 1.2 | E2: 230.9 | F2: 0.1 | G2: 0.9 | K2: ='Solar Availability and Gener GR'!F2 -> 0 | L2: ='System Load'!D2 -> 0.37062628 | M2: =K2-L2 -> -0.37062628 | N2: =IF(M2<0,"Buy from Grid","sell the surplus or charge") -> Buy from Grid | V2: =IF(D2+M2>0,"discharge","buy from the Grid") -> discharge | Y2: =(L2*E2)/1000 -> 0.085577608 | AA2: =M2 -> -0.37062628 | AD2: =AC2+O2 -> 0
A3: 2 | B3: =IF(U3="charge",Q3,0) -> 0 | C3: =IF(V2="discharge",M3,0) -> -0.36906977 | D3: =(D2)+(B3*0.8)+(C3/0.8) -> 0.73866279 | E3: 268.19 | K3: ='Solar Availability and Gener GR'!F3 -> 0 | L3: ='System Load'!D3 -> 0.36906977 | M3: =K3-L3 -> -0.36906977 | N3: =IF(M3<0,"Buy from Grid","sell the surplus or charge") -> Buy from Grid | V3: =IF(D3+M3>0,"discharge","buy from the Grid") -> discharge | Y3: =(L3*E3)/1000 -> 0.098980821 | AA3: =M3+AA2 -> -0.73969605 | AD3: =AC3+O3 -> 0
A4: 3 | B4: =IF(U4="charge",Q4,0) -> 0 | C4: =IF(V3="discharge",M4,0) -> -0.36906977 | D4: =(D3)+(B4*0.8)+(C4/0.8) -> 0.27732558 | E4: 229.58 | F4: 10 kwh | G4: 5 kw | H4: per house | I4: n=90% | K4: ='Solar Availability and Gener GR'!F4 -> 0 | L4: ='System Load'!D4 -> 0.36906977 | M4: =K4-L4 -> -0.36906977 | N4: =IF(M4<0,"Buy from Grid","sell the surplus or charge") -> Buy from Grid | V4: =IF(D4+M4>0,"discharge","buy from the Grid") -> buy from the Grid | Y4: =(L4*E4)/1000 -> 0.084731037 | AA4: =M4+AA3 -> -1.1087658 | AD4: =AC4+O4 -> 0
A5: 4 | B5: =IF(U5="charge",Q5,0) -> 0 | C5: =IF(V4="discharge",M5,0) -> 0 | D5: =(D4)+(B5*0.8)+(C5/0.8) -> 0.27732558 | E5: 235.98 | F5: 12 | K5: ='Solar Availability and Gener GR'!F5 -> 0 | L5: ='System Load'!D5 -> 0.36906977 | M5: =K5-L5 -> -0.36906977 | N5: =IF(M5<0,"Buy from Grid","sell the surplus or charge") -> Buy from Grid | V5: =IF(D5+M5>0,"discharge","buy from the Grid") -> buy from the Grid | X5: =(M5*E5)/1000 -> -0.087093084 | Y5: =(L5*E5)/1000 -> 0.087093084 | AA5: =M5+AA4 -> -1.4778356 | AC5: =L5 -> 0.36906977 | AD5: =AC5+O5 -> 0.36906977
A6: 5 | B6: =IF(U6="charge",Q6,0) -> 0 | C6: =IF(V5="discharge",M6,0) -> 0 | D6: =(D5)+(B6*0.8)+(C6/0.8) -> 0.27732558 | E6: 234.28 | H6: 4kw | I6: pv | K6: ='Solar Availability and Gener GR'!F6 -> 0 | L6: ='System Load'!D6 -> 0.36906977 | M6: =K6-L6 -> -0.36906977 | N6: =IF(M6<0,"Buy from Grid","sell the surplus or charge") -> Buy from Grid | V6: =IF(D6+M6>0,"discharge","buy from the Grid") -> buy from the Grid | X6: =(M6*E6)/1000 -> -0.086465665 | Y6: =(L6*E6)/1000 -> 0.086465665 | AA6: =M6+AA5 -> -1.8469053 | AC6: =L6 -> 0.36906977 | AD6: =AC6+O6 -> 0.36906977
A7: 6 | B7: =IF(U7="charge",Q7,0) -> 0 | C7: =IF(V6="discharge",M7,0) -> 0 | D7: =(D6)+(B7*0.8)+(C7/0.8) -> 0.27732558 | E7: 237.63 | K7: ='Solar Availability and Gener GR'!F7 -> 0 | L7: ='System Load'!D7 -> 0.49744186 | M7: =K7-L7 -> -0.49744186 | N7: =IF(M7<0,"Buy from Grid","sell the surplus or charge") -> Buy from Grid | V7: =IF(D7+M7>0,"discharge","buy from the Grid") -> buy from the Grid | X7: =(M7*E7)/1000 -> -0.11820711 | Y7: =(L7*E7)/1000 -> 0.11820711 | AA7: =M7+AA6 -> -2.3443472 | AC7: =L7 -> 0.49744186 | AD7: =AC7+O7 -> 0.49744186
A8: 7 | B8: =IF(U8="charge",Q8,0) -> 0 | C8: =IF(V7="discharge",M8,0) -> 0 | D8: =(D7)+(B8*0.8)+(C8/0.8) -> 0.27732558 | E8: 239.66 | K8: ='Solar Availability and Gener GR'!F8 -> 0.036 | L8: ='System Load'!D8 -> 0.8344186 | M8: =K8-L8 -> -0.7984186 | N8: =IF(M8<0,"Buy from Grid","sell the surplus or charge") -> Buy from Grid | V8: =IF(D8+M8>0,"discharge","buy from the Grid") -> buy from the Grid | X8: =(M8*E8)/1000 -> -0.191349 | Y8: =(L8*E8)/1000 -> 0.19997676 | AA8: =M8+AA7 -> -3.1427658 | AC8: =L8 -> 0.8344186 | AD8: =AC8+O8 -> 0.8344186
A9: 8 | B9: =IF(U9="charge",Q9,0) -> 0 | C9: =IF(V8="discharge",M9,0) -> 0 | D9: =(D8)+(B9*0.8)+(C9/0.8) -> 0.27732558 | E9: 231.88 | K9: ='Solar Availability and Gener GR'!F9 -> 0.072 | L9: ='System Load'!D9 -> 0.8344186 | M9: =K9-L9 -> -0.7624186 | N9: =IF(M9<0,"Buy from Grid","sell the surplus or charge") -> Buy from Grid | V9: =IF(D9+M9>0,"discharge","buy from the Grid") -> buy from the Grid | X9: =(M9*E9)/1000 -> -0.17678963 | Y9: =(L9*E9)/1000 -> 0.19348499 | AA9: =M9+AA8 -> -3.9051844 | AC9: =L9 -> 0.8344186 | AD9: =AC9+O9 -> 0.8344186
A10: 9 | B10: =IF(U10="charge",Q10,0) -> 0 | C10: =IF(V9="discharge",M10,0) -> 0 | D10: =(D9)+(B10*0.8)+(C10/0.8) -> 0.27732558 | E10: 186.47 | K10: ='Solar Availability and Gener GR'!F10 -> 0.108 | L10: ='System Load'!D10 -> 0.81837209 | M10: =K10-L10 -> -0.71037209 | N10: =IF(M10<0,"Buy from Grid","sell the surplus or charge") -> Buy from Grid | V10: =IF(D10+M10>0,"discharge","buy from the Grid") -> buy from the Grid | X10: =(M10*E10)/1000 -> -0.13246308 | Y10: =(L10*E10)/1000 -> 0.15260184 | AA10: =M10+AA9 -> -4.6155565 | AC10: =L10 -> 0.81837209 | AD10: =AC10+O10 -> 0.81837209
A11: 10 | B11: =IF(U11="charge",Q11,0) -> 0 | C11: =IF(V10="discharge",M11,0) -> 0 | D11: =(D10)+(B11*0.8)+(C11/0.8) -> 0.27732558 | E11: 186.47 | K11: ='Solar Availability and Gener GR'!F11 -> 0.17817591 | L11: ='System Load'!D11 -> 0.49744186 | M11: =K11-L11 -> -0.31926595 | N11: =IF(M11<0,"Buy from Grid","sell the surplus or charge") -> Buy from Grid | V11: =IF(D11+M11>0,"discharge","buy from the Grid") -> buy from the Grid | X11: =(M11*E11)/1000 -> -0.059533522 | Y11: =(L11*E11)/1000 -> 0.092757984 | AA11: =M11+AA10 -> -4.9348225 | AC11: =L11 -> 0.49744186 | AD11: =AC11+O11 -> 0.49744186
A12: 11 | B12: =IF(U12="charge",Q12,0) -> 0 | C12: =IF(V11="discharge",M12,0) -> 0 | D12: =(D11)+(B12*0.8)+(C12/0.8) -> 0.27732558 | E12: 177.25 | K12: ='Solar Availability and Gener GR'!F12 -> 0.60861302 | L12: ='System Load'!D12 -> 0.49744186 | M12: =K12-L12 -> 0.11117115 | N12: =IF(M12<0,"Buy from Grid","sell the surplus or charge") -> sell the surplus or charge | O12: 0.25 | P12: =0.25/L12 -> 0.50257129 | Q12: =K12-P12*L12 -> 0.35861302 | R12: =((1/(E12+0.01))*LN(0.25))+(E12*(K12-0.25)) -> 63.556336 | S12: =((1/(E12+0.01))*LN(L12))+(E12*(K12-L12)) -> 19.701148 | T12: =(S12+((S12^2)-4*(K12-L12*P12)*LN(L12*P12))^(0.5))/(2*(K12-L12*P12)) -> 55.007345 | U12: =IF(E12>=T12*1.2,"sell to the Grid","charge") -> sell to the Grid | W12: =(Q12*E12)/1000 -> 0.063564157 | Y12: =(L12*E12)/1000 -> 0.08817157 | AA12: =M12+AA11 -> -4.8236513 | AD12: =AC12+O12 -> 0.25
A13: 12 | B13: =IF(U13="charge",Q13,0) -> 0 | C13: =IF(V12="discharge",M13,0) -> 0 | D13: =(D12)+(B13*0.8)+(C13/0.8) -> 0.27732558 | E13: 168.5 | K13: ='Solar Availability and Gener GR'!F13 -> 1.0764 | L13: ='System Load'!D13 -> 0.49744186 | M13: =K13-L13 -> 0.57895814 | N13: =IF(M13<0,"Buy from Grid","sell the surplus or charge") -> sell the surplus or charge | O13: 0.25 | P13: =0.25/L13 -> 0.50257129 | Q13: =K13-P13*L13 -> 0.8264 | R13: =((1/(E13+0.01))*LN(0.25))+(E13*(K13-0.25)) -> 139.24017 | S13: =((1/(E13+0.01))*LN(L13))+(E13*(K13-L13)) -> 97.550303 | T13: =(S13+((S13^2)-4*(K13-L13*P13)*LN(L13*P13))^(0.5))/(2*(K13-L13*P13)) -> 118.05669 | U13: =IF(E13>=T13*1.2,"sell to the Grid","charge") -> sell to the Grid | W13: =(Q13*E13)/1000 -> 0.1392484 | Y13: =(L13*E13)/1000 -> 0.083818953 | AA13: =M13+AA12 -> -4.2446932 | AD13: =AC13+O13 -> 0.25
A14: 13 | B14: =IF(U14="charge",Q14,0) -> 0 | C14: =IF(V13="discharge",M14,0) -> 0 | D14: =(D13)+(B14*0.8)+(C14/0.8) -> 0.27732558 | E14: 84.9 | K14: ='Solar Availability and Gener GR'!F14 -> 1.3716 | L14: ='System Load'!D14 -> 0.49744186 | M14: =K14-L14 -> 0.87415814 | N14: =IF(M14<0,"Buy from Grid","sell the surplus or charge") -> sell the surplus or charge | O14: 0.25 | P14: =0.25/L14 -> 0.50257129 | Q14: =K14-P14*L14 -> 1.1216 | R14: =((1/(E14+0.01))*LN(0.25))+(E14*(K14-0.25)) -> 95.207513 | S14: =((1/(E14+0.01))*LN(L14))+(E14*(K14-L14)) -> 74.207802 | T14: =(S14+((S14^2)-4*(K14-L14*P14)*LN(L14*P14))^(0.5))/(2*(K14-L14*P14)) -> 66.181125 | U14: =IF(E14>=T14*1.2,"sell to the Grid","charge") -> sell to the Grid | Y14: =(L14*E14)/1000 -> 0.042232814 | AA14: =M14+AA13 -> -3.370535 | AD14: =AC14+O14 -> 0.25
A15: 14 | B15: =IF(U15="charge",Q15,0) -> 0 | C15: =IF(V14="discharge",M15,0) -> 0 | D15: =(D14)+(B15*0.8)+(C15/0.8) -> 0.27732558 | E15: 81.95 | K15: ='Solar Availability and Gener GR'!F15 -> 1.4292 | L15: ='System Load'!D15 -> 0.49744186 | M15: =K15-L15 -> 0.93175814 | N15: =IF(M15<0,"Buy from Grid","sell the surplus or charge") -> sell the surplus or charge | O15: 0.25 | P15: =0.25/L15 -> 0.50257129 | Q15: =K15-P15*L15 -> 1.1792 | R15: =((1/(E15+0.01))*LN(0.25))+(E15*(K15-0.25)) -> 96.618526 | S15: =((1/(E15+0.01))*LN(L15))+(E15*(K15-L15)) -> 76.34906 | T15: =(S15+((S15^2)-4*(K15-L15*P15)*LN(L15*P15))^(0.5))/(2*(K15-L15*P15)) -> 64.764641 | U15: =IF(E15>=T15*1.2,"sell to the Grid","charge") -> sell to the Grid | Y15: =(L15*E15)/1000 -> 0.04076536 | AA15: =M15+AA14 -> -2.4387769 | AD15: =AC15+O15 -> 0.25
A16: 15 | B16: =IF(U16="charge",Q16,0) -> 0 | C16: =IF(V15="discharge",M16,0) -> 0 | D16: =(D15)+(B16*0.8)+(C16/0.8) -> 0.27732558 | E16: 179.73 | K16: ='Solar Availability and Gener GR'!F16 -> 1.3536 | L16: ='System Load'!D16 -> 0.49744186 | M16: =K16-L16 -> 0.85615814 | N16: =IF(M16<0,"Buy from Grid","sell the surplus or charge") -> sell the surplus or charge | O16: 0.25 | P16: =0.25/L16 -> 0.50257129 | Q16: =K16-P16*L16 -> 1.1036 | R16: =((1/(E16+0.01))*LN(0.25))+(E16*(K16-0.25)) -> 198.34232 | S16: =((1/(E16+0.01))*LN(L16))+(E16*(K16-L16)) -> 153.87342 | T16: =(S16+((S16^2)-4*(K16-L16*P16)*LN(L16*P16))^(0.5))/(2*(K16-L16*P16)) -> 139.43762 | U16: =IF(E16>=T16*1.2,"sell to the Grid","charge") -> sell to the Grid | Y16: =(L16*E16)/1000 -> 0.089405226 | AA16: =M16+AA15 -> -1.5826187 | AD16: =AC16+O16 -> 0.25
A17: 16 | B17: =IF(U17="charge",Q17,0) -> 0 | C17: =IF(V16="discharge",M17,0) -> 0 | D17: =(D16)+(B17*0.8)+(C17/0.8) -> 0.27732558 | E17: 295 | K17: ='Solar Availability and Gener GR'!F17 -> 1.1052 | L17: ='System Load'!D17 -> 0.49744186 | M17: =K17-L17 -> 0.60775814 | N17: =IF(M17<0,"Buy from Grid","sell the surplus or charge") -> sell the surplus or charge | O17: 0.25 | P17: =0.25/L17 -> 0.50257129 | Q17: =K17-P17*L17 -> 0.8552 | R17: =((1/(E17+0.01))*LN(0.25))+(E17*(K17-0.25)) -> 252.2793 | S17: =((1/(E17+0.01))*LN(L17))+(E17*(K17-L17)) -> 179.28628 | T17: =(S17+((S17^2)-4*(K17-L17*P17)*LN(L17*P17))^(0.5))/(2*(K17-L17*P17)) -> 209.65025 | U17: =IF(E17>=T17*1.2,"sell to the Grid","charge") -> sell to the Grid | W17: =(Q17*E17)/1000 -> 0.252284 | Y17: =(L17*E17)/1000 -> 0.14674535 | AA17: =M17+AA16 -> -0.97486061 | AD17: =AC17+O17 -> 0.25
A18: 17 | B18: =IF(U18="charge",Q18,0) -> 0 | C18: =IF(V17="discharge",M18,0) -> 0 | D18: =(D17)+(B18*0.8)+(C18/0.8) -> 0.27732558 | E18: 348.15 | K18: ='Solar Availability and Gener GR'!F18 -> 0.7596 | L18: ='System Load'!D18 -> 0.49744186 | M18: =K18-L18 -> 0.26215814 | N18: =IF(M18<0,"Buy from Grid","sell the surplus or charge") -> sell the surplus or charge | O18: 0.25 | P18: =0.25/L18 -> 0.50257129 | Q18: =K18-P18*L18 -> 0.5096 | R18: =((1/(E18+0.01))*LN(0.25))+(E18*(K18-0.25)) -> 177.41326 | S18: =((1/(E18+0.01))*LN(L18))+(E18*(K18-L18)) -> 91.268351 | T18: =(S18+((S18^2)-4*(K18-L18*P18)*LN(L18*P18))^(0.5))/(2*(K18-L18*P18)) -> 179.11321 | U18: =IF(E18>=T18*1.2,"sell to the Grid","charge") -> sell to the Grid | W18: =(Q18*E18)/1000 -> 0.17741724 | Y18: =(L18*E18)/1000 -> 0.17318438 | AA18: =M18+AA17 -> -0.71270247 | AD18: =AC18+O18 -> 0.25
A19: 18 | B19: =IF(U19="charge",Q19,0) -> 0 | C19: =IF(V18="discharge",M19,0) -> 0 | D19: =(D18)+(B19*0.8)+(C19/0.8) -> 0.27732558 | E19: 322.34 | K19: ='Solar Availability and Gener GR'!F19 -> 0.3096 | L19: ='System Load'!D19 -> 0.8344186 | M19: =K19-L19 -> -0.5248186 | N19: =IF(M19<0,"Buy from Grid","sell the surplus or charge") -> Buy from Grid | V19: =IF(D19+M19>0,"discharge","buy from the Grid") -> buy from the Grid | Y19: =(L19*E19)/1000 -> 0.26896649 | AA19: =M19+AA18 -> -1.2375211 | AD19: =AC19+O19 -> 0
A20: 19 | B20: =IF(U20="charge",Q20,0) -> 0 | C20: =IF(V19="discharge",M20,0) -> 0 | D20: =(D19)+(B20*0.8)+(C20/0.8) -> 0.27732558 | E20: 301.65 | K20: ='Solar Availability and Gener GR'!F20 -> 0.0288 | L20: ='System Load'!D20 -> 0.81837209 | M20: =K20-L20 -> -0.78957209 | N20: =IF(M20<0,"Buy from Grid","sell the surplus or charge") -> Buy from Grid | V20: =IF(D20+M20>0,"discharge","buy from the Grid") -> buy from the Grid | Y20: =(L20*E20)/1000 -> 0.24686194 | AA20: =M20+AA19 -> -2.0270932 | AD20: =AC20+O20 -> 0
A21: 20 | B21: =IF(U21="charge",Q21,0) -> 0 | C21: =IF(V20="discharge",M21,0) -> 0 | D21: =(D20)+(B21*0.8)+(C21/0.8) -> 0.27732558 | E21: 353.15 | K21: ='Solar Availability and Gener GR'!F21 -> 0 | L21: ='System Load'!D21 -> 0.8344186 | M21: =K21-L21 -> -0.8344186 | N21: =IF(M21<0,"Buy from Grid","sell the surplus or charge") -> Buy from Grid | V21: =IF(D21+M21>0,"discharge","buy from the Grid") -> buy from the Grid | Y21: =(L21*E21)/1000 -> 0.29467493 | AA21: =M21+AA20 -> -2.8615118 | AD21: =AC21+O21 -> 0
A22: 21 | B22: =IF(U22="charge",Q22,0) -> 0 | C22: =IF(V21="discharge",M22,0) -> 0 | D22: =(D21)+(B22*0.8)+(C22/0.8) -> 0.27732558 | E22: 363.15 | K22: ='Solar Availability and Gener GR'!F22 -> 0 | L22: ='System Load'!D22 -> 0.8344186 | M22: =K22-L22 -> -0.8344186 | N22: =IF(M22<0,"Buy from Grid","sell the surplus or charge") -> Buy from Grid | V22: =IF(D22+M22>0,"discharge","buy from the Grid") -> buy from the Grid | X22: =(M22*E22)/1000 -> -0.30301912 | Y22: =(L22*E22)/1000 -> 0.30301912 | AA22: =M22+AA21 -> -3.6959304 | AC22: =L22 -> 0.8344186 | AD22: =AC22+O22 -> 0.8344186
A23: 22 | B23: =IF(U23="charge",Q23,0) -> 0 | C23: =IF(V22="discharge",M23,0) -> 0 | D23: =(D22)+(B23*0.8)+(C23/0.8) -> 0.27732558 | E23: 283.56 | K23: ='Solar Availability and Gener GR'!F23 -> 0 | L23: ='System Load'!D23 -> 0.49744186 | M23: =K23-L23 -> -0.49744186 | N23: =IF(M23<0,"Buy from Grid","sell the surplus or charge") -> Buy from Grid | V23: =IF(D23+M23>0,"discharge","buy from the Grid") -> buy from the Grid | X23: =(M23*E23)/1000 -> -0.14105461 | Y23: =(L23*E23)/1000 -> 0.14105461 | AA23: =M23+AA22 -> -4.1933722 | AC23: =L23 -> 0.49744186 | AD23: =AC23+O23 -> 0.49744186
A24: 23 | B24: =IF(U24="charge",Q24,0) -> 0 | C24: =IF(V23="discharge",M24,0) -> 0 | D24: =(D23)+(B24*0.8)+(C24/0.8) -> 0.27732558 | E24: 237.97 | K24: ='Solar Availability and Gener GR'!F24 -> 0 | L24: ='System Load'!D24 -> 0.49744186 | M24: =K24-L24 -> -0.49744186 | N24: =IF(M24<0,"Buy from Grid","sell the surplus or charge") -> Buy from Grid | V24: =IF(D24+M24>0,"discharge","buy from the Grid") -> buy from the Grid | X24: =(M24*E24)/1000 -> -0.11837624 | Y24: =(L24*E24)/1000 -> 0.11837624 | AA24: =M24+AA23 -> -4.6908141 | AC24: =L24 -> 0.49744186 | AD24: =AC24+O24 -> 0.49744186
A25: 24 | B25: =IF(U25="charge",Q25,0) -> 0 | C25: =IF(V24="discharge",M25,0) -> 0 | D25: =(D24)+(B25*0.8)+(C25/0.8) -> 0.27732558 | E25: 230.59 | K25: ='Solar Availability and Gener GR'!F25 -> 0 | L25: ='System Load'!D25 -> 0.49744186 | M25: =K25-L25 -> -0.49744186 | N25: =IF(M25<0,"Buy from Grid","sell the surplus or charge") -> Buy from Grid | V25: =IF(D25+M25>0,"discharge","buy from the Grid") -> buy from the Grid | X25: =(M25*E25)/1000 -> -0.11470512 | Y25: =(L25*E25)/1000 -> 0.11470512 | AA25: =M25+AA24 -> -5.188256 | AC25: =L25 -> 0.49744186 | AD25: =AC25+O25 -> 0.49744186
A26: 25 | B26: =IF(U26="charge",Q26,0) -> 0 | C26: =IF(V25="discharge",M26,0) -> 0 | D26: =(D25)+(B26*0.8)+(C26/0.8) -> 0.27732558 | E26: 187.27 | K26: ='Solar Availability and Gener GR'!F26 -> 0 | L26: ='System Load'!D26 -> 0.36906977 | M26: =K26-L26 -> -0.36906977 | N26: =IF(M26<0,"Buy from Grid","sell the surplus or charge") -> Buy from Grid | V26: =IF(D26+M26>0,"discharge","buy from the Grid") -> buy from the Grid | Y26: =(L26*E26)/1000 -> 0.069115695 | AA26: =M26+AA25 -> -5.5573257 | AD26: =AC26+O26 -> 0
A27: 26 | B27: =IF(U27="charge",Q27,0) -> 0 | C27: =IF(V26="discharge",M27,0) -> 0 | D27: =(D26)+(B27*0.8)+(C27/0.8) -> 0.27732558 | E27: 187.2 | K27: ='Solar Availability and Gener GR'!F27 -> 0 | L27: ='System Load'!D27 -> 0.36906977 | M27: =K27-L27 -> -0.36906977 | N27: =IF(M27<0,"Buy from Grid","sell the surplus or charge") -> Buy from Grid | V27: =IF(D27+M27>0,"discharge","buy from the Grid") -> buy from the Grid | X27: =(M27*E27)/1000 -> -0.06908986 | Y27: =(L27*E27)/1000 -> 0.06908986 | AA27: =M27+AA26 -> -5.9263955 | AC27: =L27 -> 0.36906977 | AD27: =AC27+O27 -> 0.36906977
A28: 27 | B28: =IF(U28="charge",Q28,0) -> 0 | C28: =IF(V27="discharge",M28,0) -> 0 | D28: =(D27)+(B28*0.8)+(C28/0.8) -> 0.27732558 | E28: 180 | K28: ='Solar Availability and Gener GR'!F28 -> 0 | L28: ='System Load'!D28 -> 0.36906977 | M28: =K28-L28 -> -0.36906977 | N28: =IF(M28<0,"Buy from Grid","sell the surplus or charge") -> Buy from Grid | V28: =IF(D28+M28>0,"discharge","buy from the Grid") -> buy from the Grid | X28: =(M28*E28)/1000 -> -0.066432558 | Y28: =(L28*E28)/1000 -> 0.066432558 | AA28: =M28+AA27 -> -6.2954653 | AC28: =L28 -> 0.36906977 | AD28: =AC28+O28 -> 0.36906977
A29: 28 | B29: =IF(U29="charge",Q29,0) -> 0 | C29: =IF(V28="discharge",M29,0) -> 0 | D29: =(D28)+(B29*0.8)+(C29/0.8) -> 0.27732558 | E29: 180 | K29: ='Solar Availability and Gener GR'!F29 -> 0 | L29: ='System Load'!D29 -> 0.36906977 | M29: =K29-L29 -> -0.36906977 | N29: =IF(M29<0,"Buy from Grid","sell the surplus or charge") -> Buy from Grid | V29: =IF(D29+M29>0,"discharge","buy from the Grid") -> buy from the Grid | X29: =(M29*E29)/1000 -> -0.066432558 | Y29: =(L29*E29)/1000 -> 0.066432558 | AA29: =M29+AA28 -> -6.664535 | AC29: =L29 -> 0.36906977 | AD29: =AC29+O29 -> 0.36906977
A30: 29 | B30: =IF(U30="charge",Q30,0) -> 0 | C30: =IF(V29="discharge",M30,0) -> 0 | D30: =(D29)+(B30*0.8)+(C30/0.8) -> 0.27732558 | E30: 185.89 | K30: ='Solar Availability and Gener GR'!F30 -> 0 | L30: ='System Load'!D30 -> 0.36906977 | M30: =K30-L30 -> -0.36906977 | N30: =IF(M30<0,"Buy from Grid","sell the surplus or charge") -> Buy from Grid | V30: =IF(D30+M30>0,"discharge","buy from the Grid") -> buy from the Grid | X30: =(M30*E30)/1000 -> -0.068606379 | Y30: =(L30*E30)/1000 -> 0.068606379 | AA30: =M30+AA29 -> -7.0336048 | AC30: =L30 -> 0.36906977 | AD30: =AC30+O30 -> 0.36906977
A31: 30 | B31: =IF(U31="charge",Q31,0) -> 0 | C31: =IF(V30="discharge",M31,0) -> 0 | D31: =(D30)+(B31*0.8)+(C31/0.8) -> 0.27732558 | E31: 271.87 | K31: ='Solar Availability and Gener GR'!F31 -> 0 | L31: ='System Load'!D31 -> 0.49744186 | M31: =K31-L31 -> -0.49744186 | N31: =IF(M31<0,"Buy from Grid","sell the surplus or charge") -> Buy from Grid | V31: =IF(D31+M31>0,"discharge","buy from the Grid") -> buy from the Grid | X31: =(M31*E31)/1000 -> -0.13523952 | Y31: =(L31*E31)/1000 -> 0.13523952 | AA31: =M31+AA30 -> -7.5310467 | AC31: =L31 -> 0.49744186 | AD31: =AC31+O31 -> 0.49744186
A32: 31 | B32: =IF(U32="charge",Q32,0) -> 0 | C32: =IF(V31="discharge",M32,0) -> 0 | D32: =(D31)+(B32*0.8)+(C32/0.8) -> 0.27732558 | E32: 348.77 | K32: ='Solar Availability and Gener GR'!F32 -> 0.036 | L32: ='System Load'!D32 -> 0.8344186 | M32: =K32-L32 -> -0.7984186 | N32: =IF(M32<0,"Buy from Grid","sell the surplus or charge") -> Buy from Grid | V32: =IF(D32+M32>0,"discharge","buy from the Grid") -> buy from the Grid | X32: =(M32*E32)/1000 -> -0.27846446 | Y32: =(L32*E32)/1000 -> 0.29102018 | AA32: =M32+AA31 -> -8.3294653 | AC32: =L32 -> 0.8344186 | AD32: =AC32+O32 -> 0.8344186
A33: 32 | B33: =IF(U33="charge",Q33,0) -> 0 | C33: =IF(V32="discharge",M33,0) -> 0 | D33: =(D32)+(B33*0.8)+(C33/0.8) -> 0.27732558 | E33: 353.77 | K33: ='Solar Availability and Gener GR'!F33 -> 0.072 | L33: ='System Load'!D33 -> 0.81837209 | M33: =K33-L33 -> -0.74637209 | N33: =IF(M33<0,"Buy from Grid","sell the surplus or charge") -> Buy from Grid | V33: =IF(D33+M33>0,"discharge","buy from the Grid") -> buy from the Grid | X33: =(M33*E33)/1000 -> -0.26404406 | Y33: =(L33*E33)/1000 -> 0.2895155 | AA33: =M33+AA32 -> -9.0758374 | AC33: =L33 -> 0.81837209 | AD33: =AC33+O33 -> 0.81837209
A34: 33 | B34: =IF(U34="charge",Q34,0) -> 0 | C34: =IF(V33="discharge",M34,0) -> 0 | D34: =(D33)+(B34*0.8)+(C34/0.8) -> 0.27732558 | E34: 231 | K34: ='Solar Availability and Gener GR'!F34 -> 0.108 | L34: ='System Load'!D34 -> 0.81837209 | M34: =K34-L34 -> -0.71037209 | N34: =IF(M34<0,"Buy from Grid","sell the surplus or charge") -> Buy from Grid | V34: =IF(D34+M34>0,"discharge","buy from the Grid") -> buy from the Grid | X34: =(M34*E34)/1000 -> -0.16409595 | Y34: =(L34*E34)/1000 -> 0.18904395 | AA34: =M34+AA33 -> -9.7862094 | AC34: =L34 -> 0.81837209 | AD34: =AC34+O34 -> 0.81837209
A35: 34 | B35: =IF(U35="charge",Q35,0) -> 0 | C35: =IF(V34="discharge",M35,0) -> 0 | D35: =(D34)+(B35*0.8)+(C35/0.8) -> 0.27732558 | E35: 203.99 | K35: ='Solar Availability and Gener GR'!F35 -> 0.17817591 | L35: ='System Load'!D35 -> 0.49744186 | M35: =K35-L35 -> -0.31926595 | N35: =IF(M35<0,"Buy from Grid","sell the surplus or charge") -> Buy from Grid | V35: =IF(D35+M35>0,"discharge","buy from the Grid") -> buy from the Grid | X35: =(M35*E35)/1000 -> -0.065127061 | Y35: =(L35*E35)/1000 -> 0.10147317 | AA35: =M35+AA34 -> -10.105475 | AC35: =L35 -> 0.49744186 | AD35: =AC35+O35 -> 0.49744186
A36: 35 | B36: =IF(U36="charge",Q36,0) -> 0 | C36: =IF(V35="discharge",M36,0) -> 0 | D36: =(D35)+(B36*0.8)+(C36/0.8) -> 0.27732558 | E36: 196.23 | K36: ='Solar Availability and Gener GR'!F36 -> 0.60861302 | L36: ='System Load'!D36 -> 0.49744186 | M36: =K36-L36 -> 0.11117115 | N36: =IF(M36<0,"Buy from Grid","sell the surplus or charge") -> sell the surplus or charge | O36: 0.25 | P36: =0.25/L36 -> 0.50257129 | Q36: =K36-P36*L36 -> 0.35861302 | R36: =((1/(E36+0.01))*LN(0.25))+(E36*(K36-0.25)) -> 70.363568 | S36: =((1/(E36+0.01))*LN(L36))+(E36*(K36-L36)) -> 21.811557 | T36: =(S36+((S36^2)-4*(K36-L36*P36)*LN(L36*P36))^(0.5))/(2*(K36-L36*P36)) -> 60.885482 | U36: =IF(E36>=T36*1.2,"sell to the Grid","charge") -> sell to the Grid | W36: =(Q36*E36)/1000 -> 0.070370632 | Y36: =(L36*E36)/1000 -> 0.097613016 | AA36: =M36+AA35 -> -9.9943042 | AD36: =AC36+O36 -> 0.25
A37: 36 | B37: =IF(U37="charge",Q37,0) -> 0 | C37: =IF(V36="discharge",M37,0) -> 0 | D37: =(D36)+(B37*0.8)+(C37/0.8) -> 0.27732558 | E37: 188.89 | K37: ='Solar Availability and Gener GR'!F37 -> 1.0764 | L37: ='System Load'!D37 -> 0.49744186 | M37: =K37-L37 -> 0.57895814 | N37: =IF(M37<0,"Buy from Grid","sell the surplus or charge") -> sell the surplus or charge | O37: 0.25 | P37: =0.25/L37 -> 0.50257129 | Q37: =K37-P37*L37 -> 0.8264 | R37: =((1/(E37+0.01))*LN(0.25))+(E37*(K37-0.25)) -> 156.09136 | S37: =((1/(E37+0.01))*LN(L37))+(E37*(K37-L37)) -> 109.35571 | T37: =(S37+((S37^2)-4*(K37-L37*P37)*LN(L37*P37))^(0.5))/(2*(K37-L37*P37)) -> 132.34049 | U37: =IF(E37>=T37*1.2,"sell to the Grid","charge") -> sell to the Grid | W37: =(Q37*E37)/1000 -> 0.1560987 | Y37: =(L37*E37)/1000 -> 0.093961793 | AA37: =M37+AA36 -> -9.4153461 | AD37: =AC37+O37 -> 0.25
A38: 37 | B38: =IF(U38="charge",Q38,0) -> 0 | C38: =IF(V37="discharge",M38,0) -> 0 | D38: =(D37)+(B38*0.8)+(C38/0.8) -> 0.27732558 | E38: 187.91 | K38: ='Solar Availability and Gener GR'!F38 -> 1.6416 | L38: ='System Load'!D38 -> 0.49744186 | M38: =K38-L38 -> 1.1441581 | N38: =IF(M38<0,"Buy from Grid","sell the surplus or charge") -> sell the surplus or charge | O38: 0.25 | P38: =0.25/L38 -> 0.50257129 | Q38: =K38-P38*L38 -> 1.3916 | R38: =((1/(E38+0.01))*LN(0.25))+(E38*(K38-0.25)) -> 261.48818 | S38: =((1/(E38+0.01))*LN(L38))+(E38*(K38-L38)) -> 214.99504 | T38: =(S38+((S38^2)-4*(K38-L38*P38)*LN(L38*P38))^(0.5))/(2*(K38-L38*P38)) -> 154.5013 | U38: =IF(E38>=T38*1.2,"sell to the Grid","charge") -> sell to the Grid | Y38: =(L38*E38)/1000 -> 0.0934743 | AA38: =M38+AA37 -> -8.271188 | AD38: =AC38+O38 -> 0.25
A39: 38 | B39: =IF(U39="charge",Q39,0) -> 1.5248 | C39: =IF(V38="discharge",M39,0) -> 0 | D39: =(D38)+(B39*0.8)+(C39/0.8) -> 1.4971656 | E39: 188.89 | K39: ='Solar Availability and Gener GR'!F39 -> 1.7748 | L39: ='System Load'!D39 -> 0.49744186 | M39: =K39-L39 -> 1.2773581 | N39: =IF(M39<0,"Buy from Grid","sell the surplus or charge") -> sell the surplus or charge | O39: 0.25 | P39: =0.25/L39 -> 0.50257129 | Q39: =K39-P39*L39 -> 1.5248 | R39: =((1/(E39+0.01))*LN(0.25))+(E39*(K39-0.25)) -> 288.01213 | S39: =((1/(E39+0.01))*LN(L39))+(E39*(K39-L39)) -> 241.27648 | T39: =(S39+((S39^2)-4*(K39-L39*P39)*LN(L39*P39))^(0.5))/(2*(K39-L39*P39)) -> 158.24058 | U39: =IF(E39>=T39*1.2,"sell to the Grid","charge") -> charge | Y39: =(L39*E39)/1000 -> 0.093961793 | AA39: =M39+AA38 -> -6.9938298 | AD39: =AC39+O39 -> 0.25
A40: 39 | B40: =IF(U40="charge",Q40,0) -> 0 | C40: =IF(V39="discharge",M40,0) -> 0 | D40: =(D39)+(B40*0.8)+(C40/0.8) -> 1.4971656 | E40: 203.7 | K40: ='Solar Availability and Gener GR'!F40 -> 1.6596 | L40: ='System Load'!D40 -> 0.49744186 | M40: =K40-L40 -> 1.1621581 | N40: =IF(M40<0,"Buy from Grid","sell the surplus or charge") -> sell the surplus or charge | O40: 0.25 | P40: =0.25/L40 -> 0.50257129 | Q40: =K40-P40*L40 -> 1.4096 | R40: =((1/(E40+0.01))*LN(0.25))+(E40*(K40-0.25)) -> 287.12871 | S40: =((1/(E40+0.01))*LN(L40))+(E40*(K40-L40)) -> 236.72819 | T40: =(S40+((S40^2)-4*(K40-L40*P40)*LN(L40*P40))^(0.5))/(2*(K40-L40*P40)) -> 167.94583 | U40: =IF(E40>=T40*1.2,"sell to the Grid","charge") -> sell to the Grid | Y40: =(L40*E40)/1000 -> 0.10132891 | AA40: =M40+AA39 -> -5.8316717 | AD40: =AC40+O40 -> 0.25
A41: 40 | B41: =IF(U41="charge",Q41,0) -> 0 | C41: =IF(V40="discharge",M41,0) -> 0 | D41: =(D40)+(B41*0.8)+(C41/0.8) -> 1.4971656 | E41: 363.77 | K41: ='Solar Availability and Gener GR'!F41 -> 1.4112 | L41: ='System Load'!D41 -> 0.49744186 | M41: =K41-L41 -> 0.91375814 | N41: =IF(M41<0,"Buy from Grid","sell the surplus or charge") -> sell the surplus or charge | O41: 0.25 | P41: =0.25/L41 -> 0.50257129 | Q41: =K41-P41*L41 -> 1.1612 | R41: =((1/(E41+0.01))*LN(0.25))+(E41*(K41-0.25)) -> 422.40591 | S41: =((1/(E41+0.01))*LN(L41))+(E41*(K41-L41)) -> 332.39588 | T41: =(S41+((S41^2)-4*(K41-L41*P41)*LN(L41*P41))^(0.5))/(2*(K41-L41*P41)) -> 286.25622 | U41: =IF(E41>=T41*1.2,"sell to the Grid","charge") -> sell to the Grid | Y41: =(L41*E41)/1000 -> 0.18095443 | AA41: =M41+AA40 -> -4.9179135 | AD41: =AC41+O41 -> 0.25
A42: 41 | B42: =IF(U42="charge",Q42,0) -> 0 | C42: =IF(V41="discharge",M42,0) -> 0 | D42: =(D41)+(B42*0.8)+(C42/0.8) -> 1.4971656 | E42: 348.77 | K42: ='Solar Availability and Gener GR'!F42 -> 1.0836 | L42: ='System Load'!D42 -> 0.49744186 | M42: =K42-L42 -> 0.58615814 | N42: =IF(M42<0,"Buy from Grid","sell the surplus or charge") -> sell the surplus or charge | O42: 0.25 | P42: =0.25/L42 -> 0.50257129 | Q42: =K42-P42*L42 -> 0.8336 | R42: =((1/(E42+0.01))*LN(0.25))+(E42*(K42-0.25)) -> 290.7307 | S42: =((1/(E42+0.01))*LN(L42))+(E42*(K42-L42)) -> 204.43237 | T42: =(S42+((S42^2)-4*(K42-L42*P42)*LN(L42*P42))^(0.5))/(2*(K42-L42*P42)) -> 245.24715 | U42: =IF(E42>=T42*1.2,"sell to the Grid","charge") -> sell to the Grid | W42: =(Q42*E42)/1000 -> 0.29073467 | Y42: =(L42*E42)/1000 -> 0.1734928 | AA42: =M42+AA41 -> -4.3317554 | AD42: =AC42+O42 -> 0.25
A43: 42 | B43: =IF(U43="charge",Q43,0) -> 0 | C43: =IF(V42="discharge",M43,0) -> 0 | D43: =(D42)+(B43*0.8)+(C43/0.8) -> 1.4971656 | E43: 363.77 | K43: ='Solar Availability and Gener GR'!F43 -> 0.54 | L43: ='System Load'!D43 -> 0.8344186 | M43: =K43-L43 -> -0.2944186 | N43: =IF(M43<0,"Buy from Grid","sell the surplus or charge") -> Buy from Grid | V43: =IF(D43+M43>0,"discharge","buy from the Grid") -> discharge | Y43: =(L43*E43)/1000 -> 0.30353646 | AA43: =M43+AA42 -> -4.626174 | AD43: =AC43+O43 -> 0
A44: 43 | B44: =IF(U44="charge",Q44,0) -> 0 | C44: =IF(V43="discharge",M44,0) -> -0.6976186 | D44: =(D43)+(B44*0.8)+(C44/0.8) -> 0.62514233 | E44: 301.24 | K44: ='Solar Availability and Gener GR'!F44 -> 0.1368 | L44: ='System Load'!D44 -> 0.8344186 | M44: =K44-L44 -> -0.6976186 | N44: =IF(M44<0,"Buy from Grid","sell the surplus or charge") -> Buy from Grid | V44: =IF(D44+M44>0,"discharge","buy from the Grid") -> buy from the Grid | Y44: =(L44*E44)/1000 -> 0.25136026 | AA44: =M44+AA43 -> -5.3237926 | AD44: =AC44+O44 -> 0
A45: 44 | B45: =IF(U45="charge",Q45,0) -> 0 | C45: =IF(V44="discharge",M45,0) -> 0 | D45: =(D44)+(B45*0.8)+(C45/0.8) -> 0.62514233 | E45: 353.77 | K45: ='Solar Availability and Gener GR'!F45 -> 0 | L45: ='System Load'!D45 -> 0.81837209 | M45: =K45-L45 -> -0.81837209 | N45: =IF(M45<0,"Buy from Grid","sell the surplus or charge") -> Buy from Grid | V45: =IF(D45+M45>0,"discharge","buy from the Grid") -> buy from the Grid | Y45: =(L45*E45)/1000 -> 0.2895155 | AA45: =M45+AA44 -> -6.1421647 | AD45: =AC45+O45 -> 0
A46: 45 | B46: =IF(U46="charge",Q46,0) -> 0 | C46: =IF(V45="discharge",M46,0) -> 0 | D46: =(D45)+(B46*0.8)+(C46/0.8) -> 0.62514233 | E46: 358.77 | K46: ='Solar Availability and Gener GR'!F46 -> 0 | L46: ='System Load'!D46 -> 0.8344186 | M46: =K46-L46 -> -0.8344186 | N46: =IF(M46<0,"Buy from Grid","sell the surplus or charge") -> Buy from Grid | V46: =IF(D46+M46>0,"discharge","buy from the Grid") -> buy from the Grid | Y46: =(L46*E46)/1000 -> 0.29936436 | AA46: =M46+AA45 -> -6.9765833 | AD46: =AC46+O46 -> 0
A47: 46 | B47: =IF(U47="charge",Q47,0) -> 0 | C47: =IF(V46="discharge",M47,0) -> 0 | D47: =(D46)+(B47*0.8)+(C47/0.8) -> 0.62514233 | E47: 284.53 | K47: ='Solar Availability and Gener GR'!F47 -> 0 | L47: ='System Load'!D47 -> 0.49744186 | M47: =K47-L47 -> -0.49744186 | N47: =IF(M47<0,"Buy from Grid","sell the surplus or charge") -> Buy from Grid | V47: =IF(D47+M47>0,"discharge","buy from the Grid") -> discharge | Y47: =(L47*E47)/1000 -> 0.14153713 | AA47: =M47+AA46 -> -7.4740252 | AD47: =AC47+O47 -> 0
A48: 47 | B48: =IF(U48="charge",Q48,0) -> 0 | C48: =IF(V47="discharge",M48,0) -> -0.49744186 | D48: =(D47)+(B48*0.8)+(C48/0.8) -> 0.00334 | E48: 268.66 | K48: ='Solar Availability and Gener GR'!F48 -> 0 | L48: ='System Load'!D48 -> 0.49744186 | M48: =K48-L48 -> -0.49744186 | N48: =IF(M48<0,"Buy from Grid","sell the surplus or charge") -> Buy from Grid | V48: =IF(D48+M48>0,"discharge","buy from the Grid") -> buy from the Grid | Y48: =(L48*E48)/1000 -> 0.13364273 | AA48: =M48+AA47 -> -7.971467 | AD48: =AC48+O48 -> 0
A49: 48 | B49: =IF(U49="charge",Q49,0) -> 0 | C49: =IF(V48="discharge",M49,0) -> 0 | D49: =(D48)+(B49*0.8)+(C49/0.8) -> 0.00334 | E49: 262.99 | K49: ='Solar Availability and Gener GR'!F49 -> 0 | L49: ='System Load'!D49 -> 0.49744186 | M49: =K49-L49 -> -0.49744186 | N49: =IF(M49<0,"Buy from Grid","sell the surplus or charge") -> Buy from Grid | V49: =IF(D49+M49>0,"discharge","buy from the Grid") -> buy from the Grid | Y49: =(L49*E49)/1000 -> 0.13082223 | AA49: =M49+AA48 -> -8.4689089 | AD49: =AC49+O49 -> 0
A50: 49 | B50: =IF(U50="charge",Q50,0) -> 0 | C50: =IF(V49="discharge",M50,0) -> 0 | D50: =(D49)+(B50*0.8)+(C50/0.8) -> 0.00334 | E50: 349.17 | K50: ='Solar Availability and Gener GR'!F50 -> 0 | L50: ='System Load'!D50 -> 0.36906977 | M50: =K50-L50 -> -0.36906977 | N50: =IF(M50<0,"Buy from Grid","sell the surplus or charge") -> Buy from Grid | V50: =IF(D50+M50>0,"discharge","buy from the Grid") -> buy from the Grid | X50: =(M50*E50)/1000 -> -0.12886809 | Y50: =(L50*E50)/1000 -> 0.12886809 | AA50: =M50+AA49 -> -8.8379787 | AC50: =L50 -> 0.36906977 | AD50: =AC50+O50 -> 0.36906977
A51: 50 | B51: =IF(U51="charge",Q51,0) -> 0 | C51: =IF(V50="discharge",M51,0) -> 0 | D51: =(D50)+(B51*0.8)+(C51/0.8) -> 0.00334 | E51: 274.1 | K51: ='Solar Availability and Gener GR'!F51 -> 0 | L51: ='System Load'!D51 -> 0.36906977 | M51: =K51-L51 -> -0.36906977 | N51: =IF(M51<0,"Buy from Grid","sell the surplus or charge") -> Buy from Grid | V51: =IF(D51+M51>0,"discharge","buy from the Grid") -> buy from the Grid | X51: =(M51*E51)/1000 -> -0.10116202 | Y51: =(L51*E51)/1000 -> 0.10116202 | AA51: =M51+AA50 -> -9.2070484 | AC51: =L51 -> 0.36906977 | AD51: =AC51+O51 -> 0.36906977
A52: 51 | B52: =IF(U52="charge",Q52,0) -> 0 | C52: =IF(V51="discharge",M52,0) -> 0 | D52: =(D51)+(B52*0.8)+(C52/0.8) -> 0.00334 | E52: 271.25 | K52: ='Solar Availability and Gener GR'!F52 -> 0 | L52: ='System Load'!D52 -> 0.36906977 | M52: =K52-L52 -> -0.36906977 | N52: =IF(M52<0,"Buy from Grid","sell the surplus or charge") -> Buy from Grid | V52: =IF(D52+M52>0,"discharge","buy from the Grid") -> buy from the Grid | X52: =(M52*E52)/1000 -> -0.10011017 | Y52: =(L52*E52)/1000 -> 0.10011017 | AA52: =M52+AA51 -> -9.5761182 | AC52: =L52 -> 0.36906977 | AD52: =AC52+O52 -> 0.36906977
A53: 52 | B53: =IF(U53="charge",Q53,0) -> 0 | C53: =IF(V52="discharge",M53,0) -> 0 | D53: =(D52)+(B53*0.8)+(C53/0.8) -> 0.00334 | E53: 172.78 | K53: ='Solar Availability and Gener GR'!F53 -> 0 | L53: ='System Load'!D53 -> 0.36906977 | M53: =K53-L53 -> -0.36906977 | N53: =IF(M53<0,"Buy from Grid","sell the surplus or charge") -> Buy from Grid | V53: =IF(D53+M53>0,"discharge","buy from the Grid") -> buy from the Grid | X53: =(M53*E53)/1000 -> -0.063767874 | Y53: =(L53*E53)/1000 -> 0.063767874 | AA53: =M53+AA52 -> -9.945188 | AC53: =L53 -> 0.36906977 | AD53: =AC53+O53 -> 0.36906977
A54: 53 | B54: =IF(U54="charge",Q54,0) -> 0 | C54: =IF(V53="discharge",M54,0) -> 0 | D54: =(D53)+(B54*0.8)+(C54/0.8) -> 0.00334 | E54: 272.85 | K54: ='Solar Availability and Gener GR'!F54 -> 0 | L54: ='System Load'!D54 -> 0.36906977 | M54: =K54-L54 -> -0.36906977 | N54: =IF(M54<0,"Buy from Grid","sell the surplus or charge") -> Buy from Grid | V54: =IF(D54+M54>0,"discharge","buy from the Grid") -> buy from the Grid | X54: =(M54*E54)/1000 -> -0.10070069 | Y54: =(L54*E54)/1000 -> 0.10070069 | AA54: =M54+AA53 -> -10.314258 | AC54: =L54 -> 0.36906977 | AD54: =AC54+O54 -> 0.36906977
A55: 54 | B55: =IF(U55="charge",Q55,0) -> 0 | C55: =IF(V54="discharge",M55,0) -> 0 | D55: =(D54)+(B55*0.8)+(C55/0.8) -> 0.00334 | E55: 354.17 | K55: ='Solar Availability and Gener GR'!F55 -> 0 | L55: ='System Load'!D55 -> 0.49744186 | M55: =K55-L55 -> -0.49744186 | N55: =IF(M55<0,"Buy from Grid","sell the surplus or charge") -> Buy from Grid | V55: =IF(D55+M55>0,"discharge","buy from the Grid") -> buy from the Grid | X55: =(M55*E55)/1000 -> -0.17617898 | Y55: =(L55*E55)/1000 -> 0.17617898 | AA55: =M55+AA54 -> -10.8117 | AC55: =L55 -> 0.49744186 | AD55: =AC55+O55 -> 0.49744186
A56: 55 | B56: =IF(U56="charge",Q56,0) -> 0 | C56: =IF(V55="discharge",M56,0) -> 0 | D56: =(D55)+(B56*0.8)+(C56/0.8) -> 0.00334 | E56: 359.17 | K56: ='Solar Availability and Gener GR'!F56 -> 0 | L56: ='System Load'!D56 -> 0.8344186 | M56: =K56-L56 -> -0.8344186 | N56: =IF(M56<0,"Buy from Grid","sell the surplus or charge") -> Buy from Grid | V56: =IF(D56+M56>0,"discharge","buy from the Grid") -> buy from the Grid | X56: =(M56*E56)/1000 -> -0.29969813 | Y56: =(L56*E56)/1000 -> 0.29969813 | AA56: =M56+AA55 -> -11.646118 | AC56: =L56 -> 0.8344186 | AD56: =AC56+O56 -> 0.8344186
A57: 56 | B57: =IF(U57="charge",Q57,0) -> 0 | C57: =IF(V56="discharge",M57,0) -> 0 | D57: =(D56)+(B57*0.8)+(C57/0.8) -> 0.00334 | E57: 349.17 | K57: ='Solar Availability and Gener GR'!F57 -> 0.0162 | L57: ='System Load'!D57 -> 0.8344186 | M57: =K57-L57 -> -0.8182186 | N57: =IF(M57<0,"Buy from Grid","sell the surplus or charge") -> Buy from Grid | V57: =IF(D57+M57>0,"discharge","buy from the Grid") -> buy from the Grid | X57: =(M57*E57)/1000 -> -0.28569739 | Y57: =(L57*E57)/1000 -> 0.29135394 | AA57: =M57+AA56 -> -12.464337 | AC57: =L57 -> 0.8344186 | AD57: =AC57+O57 -> 0.8344186
A58: 57 | B58: =IF(U58="charge",Q58,0) -> 0 | C58: =IF(V57="discharge",M58,0) -> 0 | D58: =(D57)+(B58*0.8)+(C58/0.8) -> 0.00334 | E58: 269.99 | K58: ='Solar Availability and Gener GR'!F58 -> 0.2448 | L58: ='System Load'!D58 -> 0.8344186 | M58: =K58-L58 -> -0.5896186 | N58: =IF(M58<0,"Buy from Grid","sell the surplus or charge") -> Buy from Grid | V58: =IF(D58+M58>0,"discharge","buy from the Grid") -> buy from the Grid | X58: =(M58*E58)/1000 -> -0.15919113 | Y58: =(L58*E58)/1000 -> 0.22528468 | AA58: =M58+AA57 -> -13.053955 | AC58: =L58 -> 0.8344186 | AD58: =AC58+O58 -> 0.8344186
A59: 58 | B59: =IF(U59="charge",Q59,0) -> 0 | C59: =IF(V58="discharge",M59,0) -> 0 | D59: =(D58)+(B59*0.8)+(C59/0.8) -> 0.00334 | E59: 198.49 | K59: ='Solar Availability and Gener GR'!F59 -> 0.7596 | L59: ='System Load'!D59 -> 0.49744186 | M59: =K59-L59 -> 0.26215814 | N59: =IF(M59<0,"Buy from Grid","sell the surplus or charge") -> sell the surplus or charge | O59: 0.25 | P59: =0.25/L59 -> 0.50257129 | Q59: =K59-P59*L59 -> 0.5096 | R59: =((1/(E59+0.01))*LN(0.25))+(E59*(K59-0.25)) -> 101.14352 | S59: =((1/(E59+0.01))*LN(L59))+(E59*(K59-L59)) -> 52.032251 | T59: =(S59+((S59^2)-4*(K59-L59*P59)*LN(L59*P59))^(0.5))/(2*(K59-L59*P59)) -> 102.13074 | U59: =IF(E59>=T59*1.2,"sell to the Grid","charge") -> sell to the Grid | W59: =(Q59*E59)/1000 -> 0.1011505 | Y59: =(L59*E59)/1000 -> 0.098737235 | AA59: =M59+AA58 -> -12.791797 | AD59: =AC59+O59 -> 0.25
A60: 59 | B60: =IF(U60="charge",Q60,0) -> 0 | C60: =IF(V59="discharge",M60,0) -> 0 | D60: =(D59)+(B60*0.8)+(C60/0.8) -> 0.00334 | E60: 191.58 | K60: ='Solar Availability and Gener GR'!F60 -> 1.4328 | L60: ='System Load'!D60 -> 0.49744186 | M60: =K60-L60 -> 0.93535814 | N60: =IF(M60<0,"Buy from Grid","sell the surplus or charge") -> sell the surplus or charge | O60: 0.25 | P60: =0.25/L60 -> 0.50257129 | Q60: =K60-P60*L60 -> 1.1828 | R60: =((1/(E60+0.01))*LN(0.25))+(E60*(K60-0.25)) -> 226.59359 | S60: =((1/(E60+0.01))*LN(L60))+(E60*(K60-L60)) -> 179.19227 | T60: =(S60+((S60^2)-4*(K60-L60*P60)*LN(L60*P60))^(0.5))/(2*(K60-L60*P60)) -> 151.5061 | U60: =IF(E60>=T60*1.2,"sell to the Grid","charge") -> sell to the Grid | Y60: =(L60*E60)/1000 -> 0.095299912 | AA60: =M60+AA59 -> -11.856439 | AD60: =AC60+O60 -> 0.25
A61: 60 | B61: =IF(U61="charge",Q61,0) -> 1.6616 | C61: =IF(V60="discharge",M61,0) -> 0 | D61: =(D60)+(B61*0.8)+(C61/0.8) -> 1.33262 | E61: 180.2 | K61: ='Solar Availability and Gener GR'!F61 -> 1.9116 | L61: ='System Load'!D61 -> 0.49744186 | M61: =K61-L61 -> 1.4141581 | N61: =IF(M61<0,"Buy from Grid","sell the surplus or charge") -> sell the surplus or charge | O61: 0.25 | P61: =0.25/L61 -> 0.50257129 | Q61: =K61-P61*L61 -> 1.6616 | R61: =((1/(E61+0.01))*LN(0.25))+(E61*(K61-0.25)) -> 299.41263 | S61: =((1/(E61+0.01))*LN(L61))+(E61*(K61-L61)) -> 254.82742 | T61: =(S61+((S61^2)-4*(K61-L61*P61)*LN(L61*P61))^(0.5))/(2*(K61-L61*P61)) -> 153.36812 | U61: =IF(E61>=T61*1.2,"sell to the Grid","charge") -> charge | Y61: =(L61*E61)/1000 -> 0.089639023 | AA61: =M61+AA60 -> -10.442281 | AD61: =AC61+O61 -> 0.25
A62: 61 | B62: =IF(U62="charge",Q62,0) -> 1.9388 | C62: =IF(V61="discharge",M62,0) -> 0 | D62: =(D61)+(B62*0.8)+(C62/0.8) -> 2.88366 | E62: 175 | K62: ='Solar Availability and Gener GR'!F62 -> 2.1888 | L62: ='System Load'!D62 -> 0.49744186 | M62: =K62-L62 -> 1.6913581 | N62: =IF(M62<0,"Buy from Grid","sell the surplus or charge") -> sell the surplus or charge | O62: 0.25 | P62: =0.25/L62 -> 0.50257129 | Q62: =K62-P62*L62 -> 1.9388 | R62: =((1/(E62+0.01))*LN(0.25))+(E62*(K62-0.25)) -> 339.28208 | S62: =((1/(E62+0.01))*LN(L62))+(E62*(K62-L62)) -> 295.98368 | T62: =(S62+((S62^2)-4*(K62-L62*P62)*LN(L62*P62))^(0.5))/(2*(K62-L62*P62)) -> 152.66802 | U62: =IF(E62>=T62*1.2,"sell to the Grid","charge") -> charge | Y62: =(L62*E62)/1000 -> 0.087052326 | AA62: =M62+AA61 -> -8.7509228 | AD62: =AC62+O62 -> 0.25
A63: 62 | B63: =IF(U63="charge",Q63,0) -> 2.1008 | C63: =IF(V62="discharge",M63,0) -> 0 | D63: =(D62)+(B63*0.8)+(C63/0.8) -> 4.5643 | E63: 174.76 | K63: ='Solar Availability and Gener GR'!F63 -> 2.3508 | L63: ='System Load'!D63 -> 0.49744186 | M63: =K63-L63 -> 1.8533581 | N63: =IF(M63<0,"Buy from Grid","sell the surplus or charge") -> sell the surplus or charge | O63: 0.25 | P63: =0.25/L63 -> 0.50257129 | Q63: =K63-P63*L63 -> 2.1008 | R63: =((1/(E63+0.01))*LN(0.25))+(E63*(K63-0.25)) -> 367.12788 | S63: =((1/(E63+0.01))*LN(L63))+(E63*(K63-L63)) -> 323.88887 | T63: =(S63+((S63^2)-4*(K63-L63*P63)*LN(L63*P63))^(0.5))/(2*(K63-L63*P63)) -> 154.17834 | U63: =IF(E63>=T63*1.2,"sell to the Grid","charge") -> charge | Y63: =(L63*E63)/1000 -> 0.08693294 | AA63: =M63+AA62 -> -6.8975647 | AD63: =AC63+O63 -> 0.25
A64: 63 | B64: =IF(U64="charge",Q64,0) -> 1.9856 | C64: =IF(V63="discharge",M64,0) -> 0 | D64: =(D63)+(B64*0.8)+(C64/0.8) -> 6.15278 | E64: 180.2 | K64: ='Solar Availability and Gener GR'!F64 -> 2.2356 | L64: ='System Load'!D64 -> 0.49744186 | M64: =K64-L64 -> 1.7381581 | N64: =IF(M64<0,"Buy from Grid","sell the surplus or charge") -> sell the surplus or charge | O64: 0.25 | P64: =0.25/L64 -> 0.50257129 | Q64: =K64-P64*L64 -> 1.9856 | R64: =((1/(E64+0.01))*LN(0.25))+(E64*(K64-0.25)) -> 357.79743 | S64: =((1/(E64+0.01))*LN(L64))+(E64*(K64-L64)) -> 313.21222 | T64: =(S64+((S64^2)-4*(K64-L64*P64)*LN(L64*P64))^(0.5))/(2*(K64-L64*P64)) -> 157.74628 | U64: =IF(E64>=T64*1.2,"sell to the Grid","charge") -> charge | Y64: =(L64*E64)/1000 -> 0.089639023 | AA64: =M64+AA63 -> -5.1594066 | AD64: =AC64+O64 -> 0.25
A65: 64 | B65: =IF(U65="charge",Q65,0) -> 1.6976 | C65: =IF(V64="discharge",M65,0) -> 0 | D65: =(D64)+(B65*0.8)+(C65/0.8) -> 7.51086 | E65: 269.97 | K65: ='Solar Availability and Gener GR'!F65 -> 1.9476 | L65: ='System Load'!D65 -> 0.49744186 | M65: =K65-L65 -> 1.4501581 | N65: =IF(M65<0,"Buy from Grid","sell the surplus or charge") -> sell the surplus or charge | O65: 0.25 | P65: =0.25/L65 -> 0.50257129 | Q65: =K65-P65*L65 -> 1.6976 | R65: =((1/(E65+0.01))*LN(0.25))+(E65*(K65-0.25)) -> 458.29594 | S65: =((1/(E65+0.01))*LN(L65))+(E65*(K65-L65)) -> 391.49661 | T65: =(S65+((S65^2)-4*(K65-L65*P65)*LN(L65*P65))^(0.5))/(2*(K65-L65*P65)) -> 230.62124 | U65: =IF(E65>=T65*1.2,"sell to the Grid","charge") -> charge | Y65: =(L65*E65)/1000 -> 0.13429438 | AA65: =M65+AA64 -> -3.7092484 | AD65: =AC65+O65 -> 0.25
A66: 65 | B66: =IF(U66="charge",Q66,0) -> 0 | C66: =IF(V65="discharge",M66,0) -> 0 | D66: =(D65)+(B66*0.8)+(C66/0.8) -> 7.51086 | E66: 354.17 | K66: ='Solar Availability and Gener GR'!F66 -> 1.5048 | L66: ='System Load'!D66 -> 0.49744186 | M66: =K66-L66 -> 1.0073581 | N66: =IF(M66<0,"Buy from Grid","sell the surplus or charge") -> sell the surplus or charge | O66: 0.25 | P66: =0.25/L66 -> 0.50257129 | Q66: =K66-P66*L66 -> 1.2548 | R66: =((1/(E66+0.01))*LN(0.25))+(E66*(K66-0.25)) -> 444.4086 | S66: =((1/(E66+0.01))*LN(L66))+(E66*(K66-L66)) -> 356.77406 | T66: =(S66+((S66^2)-4*(K66-L66*P66)*LN(L66*P66))^(0.5))/(2*(K66-L66*P66)) -> 284.33132 | U66: =IF(E66>=T66*1.2,"sell to the Grid","charge") -> sell to the Grid | Y66: =(L66*E66)/1000 -> 0.17617898 | AA66: =M66+AA65 -> -2.7018903 | AD66: =AC66+O66 -> 0.25
A67: 66 | B67: =IF(U67="charge",Q67,0) -> 0 | C67: =IF(V66="discharge",M67,0) -> 0 | D67: =(D66)+(B67*0.8)+(C67/0.8) -> 7.51086 | E67: 369.17 | K67: ='Solar Availability and Gener GR'!F67 -> 0.9396 | L67: ='System Load'!D67 -> 0.81837209 | M67: =K67-L67 -> 0.12122791 | N67: =IF(M67<0,"Buy from Grid","sell the surplus or charge") -> sell the surplus or charge | O67: 0.25 | P67: =0.25/L67 -> 0.30548451 | Q67: =K67-P67*L67 -> 0.6896 | R67: =((1/(E67+0.01))*LN(0.25))+(E67*(K67-0.25)) -> 254.57588 | S67: =((1/(E67+0.01))*LN(L67))+(E67*(K67-L67)) -> 44.753163 | T67: =(S67+((S67^2)-4*(K67-L67*P67)*LN(L67*P67))^(0.5))/(2*(K67-L67*P67)) -> 64.928241 | U67: =IF(E67>=T67*1.2,"sell to the Grid","charge") -> sell to the Grid | W67: =(Q67*E67)/1000 -> 0.25457963 | Y67: =(L67*E67)/1000 -> 0.30211843 | AA67: =M67+AA66 -> -2.5806624 | AD67: =AC67+O67 -> 0.25
A68: 67 | B68: =IF(U68="charge",Q68,0) -> 0 | C68: =IF(V67="discharge",M68,0) -> 0 | D68: =(D67)+(B68*0.8)+(C68/0.8) -> 7.51086 | E68: 344.5 | K68: ='Solar Availability and Gener GR'!F68 -> 0.3456 | L68: ='System Load'!D68 -> 0.8344186 | M68: =K68-L68 -> -0.4888186 | N68: =IF(M68<0,"Buy from Grid","sell the surplus or charge") -> Buy from Grid | V68: =IF(D68+M68>0,"discharge","buy from the Grid") -> discharge | Y68: =(L68*E68)/1000 -> 0.28745721 | AA68: =M68+AA67 -> -3.069481 | AD68: =AC68+O68 -> 0
A69: 68 | B69: =IF(U69="charge",Q69,0) -> 0 | C69: =IF(V68="discharge",M69,0) -> -0.78957209 | D69: =(D68)+(B69*0.8)+(C69/0.8) -> 6.5238949 | E69: 349.17 | K69: ='Solar Availability and Gener GR'!F69 -> 0.0288 | L69: ='System Load'!D69 -> 0.81837209 | M69: =K69-L69 -> -0.78957209 | N69: =IF(M69<0,"Buy from Grid","sell the surplus or charge") -> Buy from Grid | V69: =IF(D69+M69>0,"discharge","buy from the Grid") -> discharge | Y69: =(L69*E69)/1000 -> 0.28575098 | AA69: =M69+AA68 -> -3.8590531 | AD69: =AC69+O69 -> 0
A70: 69 | B70: =IF(U70="charge",Q70,0) -> 0 | C70: =IF(V69="discharge",M70,0) -> -0.8344186 | D70: =(D69)+(B70*0.8)+(C70/0.8) -> 5.4808716 | E70: 343 | K70: ='Solar Availability and Gener GR'!F70 -> 0 | L70: ='System Load'!D70 -> 0.8344186 | M70: =K70-L70 -> -0.8344186 | N70: =IF(M70<0,"Buy from Grid","sell the surplus or charge") -> Buy from Grid | V70: =IF(D70+M70>0,"discharge","buy from the Grid") -> discharge | Y70: =(L70*E70)/1000 -> 0.28620558 | AA70: =M70+AA69 -> -4.6934717 | AD70: =AC70+O70 -> 0
A71: 70 | B71: =IF(U71="charge",Q71,0) -> 0 | C71: =IF(V70="discharge",M71,0) -> -0.49744186 | D71: =(D70)+(B71*0.8)+(C71/0.8) -> 4.8590693 | E71: 270.76 | K71: ='Solar Availability and Gener GR'!F71 -> 0 | L71: ='System Load'!D71 -> 0.49744186 | M71: =K71-L71 -> -0.49744186 | N71: =IF(M71<0,"Buy from Grid","sell the surplus or charge") -> Buy from Grid | V71: =IF(D71+M71>0,"discharge","buy from the Grid") -> discharge | Y71: =(L71*E71)/1000 -> 0.13468736 | AA71: =M71+AA70 -> -5.1909135 | AD71: =AC71+O71 -> 0
A72: 71 | B72: =IF(U72="charge",Q72,0) -> 0 | C72: =IF(V71="discharge",M72,0) -> -0.49744186 | D72: =(D71)+(B72*0.8)+(C72/0.8) -> 4.237267 | E72: 243.82 | K72: ='Solar Availability and Gener GR'!F72 -> 0 | L72: ='System Load'!D72 -> 0.49744186 | M72: =K72-L72 -> -0.49744186 | N72: =IF(M72<0,"Buy from Grid","sell the surplus or charge") -> Buy from Grid | V72: =IF(D72+M72>0,"discharge","buy from the Grid") -> discharge | Y72: =(L72*E72)/1000 -> 0.12128627 | AA72: =M72+AA71 -> -5.6883554 | AD72: =AC72+O72 -> 0
A73: 72 | B73: =IF(U73="charge",Q73,0) -> 0 | C73: =IF(V72="discharge",M73,0) -> -0.49744186 | D73: =(D72)+(B73*0.8)+(C73/0.8) -> 3.6154647 | E73: 149.99 | K73: ='Solar Availability and Gener GR'!F73 -> 0 | L73: ='System Load'!D73 -> 0.49744186 | M73: =K73-L73 -> -0.49744186 | N73: =IF(M73<0,"Buy from Grid","sell the surplus or charge") -> Buy from Grid | V73: =IF(D73+M73>0,"discharge","buy from the Grid") -> discharge | Y73: =(L73*E73)/1000 -> 0.074611305 | AA73: =M73+AA72 -> -6.1857973 | AD73: =AC73+O73 -> 0
A74: 73 | B74: =IF(U74="charge",Q74,0) -> 0 | C74: =IF(V73="discharge",M74,0) -> -0.36906977 | D74: =(D73)+(B74*0.8)+(C74/0.8) -> 3.1541274 | E74: 151.68 | K74: ='Solar Availability and Gener GR'!F74 -> 0 | L74: ='System Load'!D74 -> 0.36906977 | M74: =K74-L74 -> -0.36906977 | N74: =IF(M74<0,"Buy from Grid","sell the surplus or charge") -> Buy from Grid | V74: =IF(D74+M74>0,"discharge","buy from the Grid") -> discharge | Y74: =(L74*E74)/1000 -> 0.055980502 | AA74: =M74+AA73 -> -6.554867 | AD74: =AC74+O74 -> 0
A75: 74 | B75: =IF(U75="charge",Q75,0) -> 0 | C75: =IF(V74="discharge",M75,0) -> -0.36906977 | D75: =(D74)+(B75*0.8)+(C75/0.8) -> 2.6927902 | E75: 216.29 | K75: ='Solar Availability and Gener GR'!F75 -> 0 | L75: ='System Load'!D75 -> 0.36906977 | M75: =K75-L75 -> -0.36906977 | N75: =IF(M75<0,"Buy from Grid","sell the surplus or charge") -> Buy from Grid | V75: =IF(D75+M75>0,"discharge","buy from the Grid") -> discharge | Y75: =(L75*E75)/1000 -> 0.0798261 | AA75: =M75+AA74 -> -6.9239368 | AD75: =AC75+O75 -> 0
A76: 75 | B76: =IF(U76="charge",Q76,0) -> 0 | C76: =IF(V75="discharge",M76,0) -> -0.36906977 | D76: =(D75)+(B76*0.8)+(C76/0.8) -> 2.231453 | E76: 155.18 | K76: ='Solar Availability and Gener GR'!F76 -> 0 | L76: ='System Load'!D76 -> 0.36906977 | M76: =K76-L76 -> -0.36906977 | N76: =IF(M76<0,"Buy from Grid","sell the surplus or charge") -> Buy from Grid | V76: =IF(D76+M76>0,"discharge","buy from the Grid") -> discharge | Y76: =(L76*E76)/1000 -> 0.057272247 | AA76: =M76+AA75 -> -7.2930066 | AD76: =AC76+O76 -> 0
A77: 76 | B77: =IF(U77="charge",Q77,0) -> 0 | C77: =IF(V76="discharge",M77,0) -> -0.36906977 | D77: =(D76)+(B77*0.8)+(C77/0.8) -> 1.7701158 | E77: 130 | K77: ='Solar Availability and Gener GR'!F77 -> 0 | L77: ='System Load'!D77 -> 0.36906977 | M77: =K77-L77 -> -0.36906977 | N77: =IF(M77<0,"Buy from Grid","sell the surplus or charge") -> Buy from Grid | V77: =IF(D77+M77>0,"discharge","buy from the Grid") -> discharge | Y77: =(L77*E77)/1000 -> 0.04797907 | AA77: =M77+AA76 -> -7.6620763 | AD77: =AC77+O77 -> 0
A78: 77 | B78: =IF(U78="charge",Q78,0) -> 0 | C78: =IF(V77="discharge",M78,0) -> -0.36906977 | D78: =(D77)+(B78*0.8)+(C78/0.8) -> 1.3087786 | E78: 150.13 | K78: ='Solar Availability and Gener GR'!F78 -> 0 | L78: ='System Load'!D78 -> 0.36906977 | M78: =K78-L78 -> -0.36906977 | N78: =IF(M78<0,"Buy from Grid","sell the surplus or charge") -> Buy from Grid | V78: =IF(D78+M78>0,"discharge","buy from the Grid") -> discharge | Y78: =(L78*E78)/1000 -> 0.055408444 | AA78: =M78+AA77 -> -8.0311461 | AD78: =AC78+O78 -> 0
A79: 78 | B79: =IF(U79="charge",Q79,0) -> 0 | C79: =IF(V78="discharge",M79,0) -> -0.49744186 | D79: =(D78)+(B79*0.8)+(C79/0.8) -> 0.68697628 | E79: 257.31 | K79: ='Solar Availability and Gener GR'!F79 -> 0 | L79: ='System Load'!D79 -> 0.49744186 | M79: =K79-L79 -> -0.49744186 | N79: =IF(M79<0,"Buy from Grid","sell the surplus or charge") -> Buy from Grid | V79: =IF(D79+M79>0,"discharge","buy from the Grid") -> discharge | Y79: =(L79*E79)/1000 -> 0.12799677 | AA79: =M79+AA78 -> -8.528588 | AD79: =AC79+O79 -> 0
... A82: 81 | B82: =IF(U82="charge",Q82,0) -> 0 | C82: =IF(V81="discharge",M82,0) -> 0 | D82: =(D81)+(B82*0.8)+(C82/0.8) -> -0.33598884 | E82: 217.72 | K82: ='Solar Availability and Gener GR'!F82 -> 0.5508 | L82: ='System Load'!D82 -> 0.81837209 | M82: =K82-L82 -> -0.26757209 | N82: =IF(M82<0,"Buy from Grid","sell the surplus or charge") -> Buy from Grid | V82: =IF(D82+M82>0,"discharge","buy from the Grid") -> buy from the Grid | Y82: =(L82*E82)/1000 -> 0.17817597 | AA82: =M82+AA81 -> -10.303304 | AD82: =AC82+O82 -> 0
A83: 82 | B83: =IF(U83="charge",Q83,0) -> 0 | C83: =IF(V82="discharge",M83,0) -> 0 | D83: =(D82)+(B83*0.8)+(C83/0.8) -> -0.33598884 | E83: 191.22 | K83: ='Solar Availability and Gener GR'!F83 -> 1.0692 | L83: ='System Load'!D83 -> 0.49744186 | M83: =K83-L83 -> 0.57175814 | N83: =IF(M83<0,"Buy from Grid","sell the surplus or charge") -> sell the surplus or charge | O83: 0.25 | P83: =0.25/L83 -> 0.50257129 | Q83: =K83-P83*L83 -> 0.8192 | R83: =((1/(E83+0.01))*LN(0.25))+(E83*(K83-0.25)) -> 156.64017 | S83: =((1/(E83+0.01))*LN(L83))+(E83*(K83-L83)) -> 109.32794 | T83: =(S83+((S83^2)-4*(K83-L83*P83)*LN(L83*P83))^(0.5))/(2*(K83-L83*P83)) -> 133.46964 | U83: =IF(E83>=T83*1.2,"sell to the Grid","charge") -> sell to the Grid | W83: =(Q83*E83)/1000 -> 0.15664742 | Y83: =(L83*E83)/1000 -> 0.095120833 | AA83: =M83+AA82 -> -9.7315461 | AD83: =AC83+O83 -> 0.25
A84: 83 | B84: =IF(U84="charge",Q84,0) -> 1.64 | C84: =IF(V83="discharge",M84,0) -> 0 | D84: =(D83)+(B84*0.8)+(C84/0.8) -> 0.97601116 | E84: 183.83 | K84: ='Solar Availability and Gener GR'!F84 -> 1.89 | L84: ='System Load'!D84 -> 0.49744186 | M84: =K84-L84 -> 1.3925581 | N84: =IF(M84<0,"Buy from Grid","sell the surplus or charge") -> sell the surplus or charge | O84: 0.25 | P84: =0.25/L84 -> 0.50257129 | Q84: =K84-P84*L84 -> 1.64 | R84: =((1/(E84+0.01))*LN(0.25))+(E84*(K84-0.25)) -> 301.47366 | S84: =((1/(E84+0.01))*LN(L84))+(E84*(K84-L84)) -> 255.99016 | T84: =(S84+((S84^2)-4*(K84-L84*P84)*LN(L84*P84))^(0.5))/(2*(K84-L84*P84)) -> 156.09698 | U84: =IF(E84>=T84*1.2,"sell to the Grid","charge") -> charge | Y84: =(L84*E84)/1000 -> 0.091444737 | AA84: =M84+AA83 -> -8.338988 | AD84: =AC84+O84 -> 0.25
A85: 84 | B85: =IF(U85="charge",Q85,0) -> 2.1764 | C85: =IF(V84="discharge",M85,0) -> 0 | D85: =(D84)+(B85*0.8)+(C85/0.8) -> 2.7171312 | E85: 173.5 | K85: ='Solar Availability and Gener GR'!F85 -> 2.4264 | L85: ='System Load'!D85 -> 0.49744186 | M85: =K85-L85 -> 1.9289581 | N85: =IF(M85<0,"Buy from Grid","sell the surplus or charge") -> sell the surplus or charge | O85: 0.25 | P85: =0.25/L85 -> 0.50257129 | Q85: =K85-P85*L85 -> 2.1764 | R85: =((1/(E85+0.01))*LN(0.25))+(E85*(K85-0.25)) -> 377.59741 | S85: =((1/(E85+0.01))*LN(L85))+(E85*(K85-L85)) -> 334.67021 | T85: =(S85+((S85^2)-4*(K85-L85*P85)*LN(L85*P85))^(0.5))/(2*(K85-L85*P85)) -> 153.77652 | U85: =IF(E85>=T85*1.2,"sell to the Grid","charge") -> charge | Y85: =(L85*E85)/1000 -> 0.086306163 | AA85: =M85+AA84 -> -6.4100298 | AD85: =AC85+O85 -> 0.25
A86: 85 | B86: =IF(U86="charge",Q86,0) -> 2.4248 | C86: =IF(V85="discharge",M86,0) -> 0 | D86: =(D85)+(B86*0.8)+(C86/0.8) -> 4.6569712 | E86: 169.41 | K86: ='Solar Availability and Gener GR'!F86 -> 2.6748 | L86: ='System Load'!D86 -> 0.49744186 | M86: =K86-L86 -> 2.1773581 | N86: =IF(M86<0,"Buy from Grid","sell the surplus or charge") -> sell the surplus or charge | O86: 0.25 | P86: =0.25/L86 -> 0.50257129 | Q86: =K86-P86*L86 -> 2.4248 | R86: =((1/(E86+0.01))*LN(0.25))+(E86*(K86-0.25)) -> 410.77719 | S86: =((1/(E86+0.01))*LN(L86))+(E86*(K86-L86)) -> 368.86212 | T86: =(S86+((S86^2)-4*(K86-L86*P86)*LN(L86*P86))^(0.5))/(2*(K86-L86*P86)) -> 152.1244 | U86: =IF(E86>=T86*1.2,"sell to the Grid","charge") -> charge | Y86: =(L86*E86)/1000 -> 0.084271626 | AA86: =M86+AA85 -> -4.2326717 | AD86: =AC86+O86 -> 0.25
A87: 86 | B87: =IF(U87="charge",Q87,0) -> 2.54 | C87: =IF(V86="discharge",M87,0) -> 0 | D87: =(D86)+(B87*0.8)+(C87/0.8) -> 6.6889712 | E87: 172 | K87: ='Solar Availability and Gener GR'!F87 -> 2.79 | L87: ='System Load'!D87 -> 0.49744186 | M87: =K87-L87 -> 2.2925581 | N87: =IF(M87<0,"Buy from Grid","sell the surplus or charge") -> sell the surplus or charge | O87: 0.25 | P87: =0.25/L87 -> 0.50257129 | Q87: =K87-P87*L87 -> 2.54 | R87: =((1/(E87+0.01))*LN(0.25))+(E87*(K87-0.25)) -> 436.87194 | S87: =((1/(E87+0.01))*LN(L87))+(E87*(K87-L87)) -> 394.31594 | T87: =(S87+((S87^2)-4*(K87-L87*P87)*LN(L87*P87))^(0.5))/(2*(K87-L87*P87)) -> 155.24601 | U87: =IF(E87>=T87*1.2,"sell to the Grid","charge") -> charge | Y87: =(L87*E87)/1000 -> 0.08556 | AA87: =M87+AA86 -> -1.9401135 | AD87: =AC87+O87 -> 0.25
A88: 87 | B88: =IF(U88="charge",Q88,0) -> 2.3852 | C88: =IF(V87="discharge",M88,0) -> 0 | D88: =(D87)+(B88*0.8)+(C88/0.8) -> 8.5971312 | E88: 216.43 | K88: ='Solar Availability and Gener GR'!F88 -> 2.6352 | L88: ='System Load'!D88 -> 0.49744186 | M88: =K88-L88 -> 2.1377581 | N88: =IF(M88<0,"Buy from Grid","sell the surplus or charge") -> sell the surplus or charge | O88: 0.25 | P88: =0.25/L88 -> 0.50257129 | Q88: =K88-P88*L88 -> 2.3852 | R88: =((1/(E88+0.01))*LN(0.25))+(E88*(K88-0.25)) -> 516.22243 | S88: =((1/(E88+0.01))*LN(L88))+(E88*(K88-L88)) -> 462.67177 | T88: =(S88+((S88^2)-4*(K88-L88*P88)*LN(L88*P88))^(0.5))/(2*(K88-L88*P88)) -> 193.97909 | U88: =IF(E88>=T88*1.2,"sell to the Grid","charge") -> charge | Y88: =(L88*E88)/1000 -> 0.10766134 | AA88: =M88+AA87 -> 0.1976446 | AD88: =AC88+O88 -> 0.25
A89: 88 | B89: =IF(U89="charge",Q89,0) -> 0 | C89: =IF(V88="discharge",M89,0) -> 0 | D89: =(D88)+(B89*0.8)+(C89/0.8) -> 8.5971312 | E89: 301.95 | K89: ='Solar Availability and Gener GR'!F89 -> 2.3508 | L89: ='System Load'!D89 -> 0.8344186 | M89: =K89-L89 -> 1.5163814 | N89: =IF(M89<0,"Buy from Grid","sell the surplus or charge") -> sell the surplus or charge | O89: 0.25 | P89: =0.25/L89 -> 0.29960981 | Q89: =K89-P89*L89 -> 2.1008 | R89: =((1/(E89+0.01))*LN(0.25))+(E89*(K89-0.25)) -> 634.33197 | S89: =((1/(E89+0.01))*LN(L89))+(E89*(K89-L89)) -> 457.87076 | T89: =(S89+((S89^2)-4*(K89-L89*P89)*LN(L89*P89))^(0.5))/(2*(K89-L89*P89)) -> 217.9537 | U89: =IF(E89>=T89*1.2,"sell to the Grid","charge") -> sell to the Grid | W89: =(Q89*E89)/1000 -> 0.63433656 | Y89: =(L89*E89)/1000 -> 0.2519527 | AA89: =M89+AA88 -> 1.714026 | AD89: =AC89+O89 -> 0.25
A90: 89 | B90: =IF(U90="charge",Q90,0) -> 0 | C90: =IF(V89="discharge",M90,0) -> 0 | D90: =(D89)+(B90*0.8)+(C90/0.8) -> 8.5971312 | E90: 362.31 | K90: ='Solar Availability and Gener GR'!F90 -> 1.926 | L90: ='System Load'!D90 -> 0.8344186 | M90: =K90-L90 -> 1.0915814 | N90: =IF(M90<0,"Buy from Grid","sell the surplus or charge") -> sell the surplus or charge | O90: 0.25 | P90: =0.25/L90 -> 0.29960981 | Q90: =K90-P90*L90 -> 1.676 | R90: =((1/(E90+0.01))*LN(0.25))+(E90*(K90-0.25)) -> 607.22773 | S90: =((1/(E90+0.01))*LN(L90))+(E90*(K90-L90)) -> 395.49036 | T90: =(S90+((S90^2)-4*(K90-L90*P90)*LN(L90*P90))^(0.5))/(2*(K90-L90*P90)) -> 235.97627 | U90: =IF(E90>=T90*1.2,"sell to the Grid","charge") -> sell to the Grid | W90: =(Q90*E90)/1000 -> 0.60723156 | Y90: =(L90*E90)/1000 -> 0.3023182 | AA90: =M90+AA89 -> 2.8056074 | AD90: =AC90+O90 -> 0.25
A91: 90 | B91: =IF(U91="charge",Q91,0) -> 0 | C91: =IF(V90="discharge",M91,0) -> 0 | D91: =(D90)+(B91*0.8)+(C91/0.8) -> 8.5971312 | E91: 329.48 | K91: ='Solar Availability and Gener GR'!F91 -> 1.314 | L91: ='System Load'!D91 -> 0.49744186 | M91: =K91-L91 -> 0.81655814 | N91: =IF(M91<0,"Buy from Grid","sell the surplus or charge") -> sell the surplus or charge | O91: 0.25 | P91: =0.25/L91 -> 0.50257129 | Q91: =K91-P91*L91 -> 1.064 | R91: =((1/(E91+0.01))*LN(0.25))+(E91*(K91-0.25)) -> 350.56251 | S91: =((1/(E91+0.01))*LN(L91))+(E91*(K91-L91)) -> 269.03746 | T91: =(S91+((S91^2)-4*(K91-L91*P91)*LN(L91*P91))^(0.5))/(2*(K91-L91*P91)) -> 252.85991 | U91: =IF(E91>=T91*1.2,"sell to the Grid","charge") -> sell to the Grid | Y91: =(L91*E91)/1000 -> 0.16389714 | AA91: =M91+AA90 -> 3.6221655 | AD91: =AC91+O91 -> 0.25
A92: 91 | B92: =IF(U92="charge",Q92,0) -> 0 | C92: =IF(V91="discharge",M92,0) -> 0 | D92: =(D91)+(B92*0.8)+(C92/0.8) -> 8.5971312 | E92: 317 | K92: ='Solar Availability and Gener GR'!F92 -> 0.6732 | L92: ='System Load'!D92 -> 0.49744186 | M92: =K92-L92 -> 0.17575814 | N92: =IF(M92<0,"Buy from Grid","sell the surplus or charge") -> sell the surplus or charge | O92: 0.25 | P92: =0.25/L92 -> 0.50257129 | Q92: =K92-P92*L92 -> 0.4232 | R92: =((1/(E92+0.01))*LN(0.25))+(E92*(K92-0.25)) -> 134.15003 | S92: =((1/(E92+0.01))*LN(L92))+(E92*(K92-L92)) -> 55.713128 | T92: =(S92+((S92^2)-4*(K92-L92*P92)*LN(L92*P92))^(0.5))/(2*(K92-L92*P92)) -> 131.67215 | U92: =IF(E92>=T92*1.2,"sell to the Grid","charge") -> sell to the Grid | W92: =(Q92*E92)/1000 -> 0.1341544 | Y92: =(L92*E92)/1000 -> 0.15768907 | AA92: =M92+AA91 -> 3.7979237 | AD92: =AC92+O92 -> 0.25
A93: 92 | B93: =IF(U93="charge",Q93,0) -> 0 | C93: =IF(V92="discharge",M93,0) -> 0 | D93: =(D92)+(B93*0.8)+(C93/0.8) -> 8.5971312 | E93: 255.28 | K93: ='Solar Availability and Gener GR'!F93 -> 0.144 | L93: ='System Load'!D93 -> 0.81837209 | M93: =K93-L93 -> -0.67437209 | N93: =IF(M93<0,"Buy from Grid","sell the surplus or charge") -> Buy from Grid | V93: =IF(D93+M93>0,"discharge","buy from the Grid") -> discharge | Y93: =(L93*E93)/1000 -> 0.20891403 | AA93: =M93+AA92 -> 3.1235516 | AD93: =AC93+O93 -> 0
A94: 93 | B94: =IF(U94="charge",Q94,0) -> 0 | C94: =IF(V93="discharge",M94,0) -> -0.81714809 | D94: =(D93)+(B94*0.8)+(C94/0.8) -> 7.575696 | E94: 255.8 | K94: ='Solar Availability and Gener GR'!F94 -> 0.001224 | L94: ='System Load'!D94 -> 0.81837209 | M94: =K94-L94 -> -0.81714809 | N94: =IF(M94<0,"Buy from Grid","sell the surplus or charge") -> Buy from Grid | V94: =IF(D94+M94>0,"discharge","buy from the Grid") -> discharge | Y94: =(L94*E94)/1000 -> 0.20933958 | AA94: =M94+AA93 -> 2.3064035 | AD94: =AC94+O94 -> 0
A95: 94 | B95: =IF(U95="charge",Q95,0) -> 0 | C95: =IF(V94="discharge",M95,0) -> -0.49744186 | D95: =(D94)+(B95*0.8)+(C95/0.8) -> 6.9538937 | E95: 190.06 | K95: ='Solar Availability and Gener GR'!F95 -> 0 | L95: ='System Load'!D95 -> 0.49744186 | M95: =K95-L95 -> -0.49744186 | N95: =IF(M95<0,"Buy from Grid","sell the surplus or charge") -> Buy from Grid | V95: =IF(D95+M95>0,"discharge","buy from the Grid") -> discharge | Y95: =(L95*E95)/1000 -> 0.0945438 | AA95: =M95+AA94 -> 1.8089616 | AD95: =AC95+O95 -> 0
A96: 95 | B96: =IF(U96="charge",Q96,0) -> 0 | C96: =IF(V95="discharge",M96,0) -> -0.49744186 | D96: =(D95)+(B96*0.8)+(C96/0.8) -> 6.3320914 | E96: 179.99 | K96: ='Solar Availability and Gener GR'!F96 -> 0 | L96: ='System Load'!D96 -> 0.49744186 | M96: =K96-L96 -> -0.49744186 | N96: =IF(M96<0,"Buy from Grid","sell the surplus or charge") -> Buy from Grid | V96: =IF(D96+M96>0,"discharge","buy from the Grid") -> discharge | Y96: =(L96*E96)/1000 -> 0.08953456 | AA96: =M96+AA95 -> 1.3115198 | AD96: =AC96+O96 -> 0
A97: 96 | B97: =IF(U97="charge",Q97,0) -> 0 | C97: =IF(V96="discharge",M97,0) -> -0.49744186 | D97: =(D96)+(B97*0.8)+(C97/0.8) -> 5.7102891 | E97: 137.9 | K97: ='Solar Availability and Gener GR'!F97 -> 0 | L97: ='System Load'!D97 -> 0.49744186 | M97: =K97-L97 -> -0.49744186 | N97: =IF(M97<0,"Buy from Grid","sell the surplus or charge") -> Buy from Grid | V97: =IF(D97+M97>0,"discharge","buy from the Grid") -> discharge | Y97: =(L97*E97)/1000 -> 0.068597233 | AA97: =M97+AA96 -> 0.8140779 | AD97: =AC97+O97 -> 0
A98: 97 | B98: =IF(U98="charge",Q98,0) -> 0 | C98: =IF(V97="discharge",M98,0) -> -0.38511628 | D98: =(D97)+(B98*0.8)+(C98/0.8) -> 5.2288937 | E98: 150.98 | K98: ='Solar Availability and Gener GR'!F98 -> 0 | L98: ='System Load'!D98 -> 0.38511628 | M98: =K98-L98 -> -0.38511628 | N98: =IF(M98<0,"Buy from Grid","sell the surplus or charge") -> Buy from Grid | V98: =IF(D98+M98>0,"discharge","buy from the Grid") -> discharge | Y98: =(L98*E98)/1000 -> 0.058144856 | AA98: =M98+AA97 -> 0.42896162 | AD98: =AC98+O98 -> 0
A99: 98 | B99: =IF(U99="charge",Q99,0) -> 0 | C99: =IF(V98="discharge",M99,0) -> -0.36906977 | D99: =(D98)+(B99*0.8)+(C99/0.8) -> 4.7675565 | E99: 123 | K99: ='Solar Availability and Gener GR'!F99 -> 0 | L99: ='System Load'!D99 -> 0.36906977 | M99: =K99-L99 -> -0.36906977 | N99: =IF(M99<0,"Buy from Grid","sell the surplus or charge") -> Buy from Grid | V99: =IF(D99+M99>0,"discharge","buy from the Grid") -> discharge | Y99: =(L99*E99)/1000 -> 0.045395581 | AA99: =M99+AA98 -> 0.059891851 | AD99: =AC99+O99 -> 0
A100: 99 | B100: =IF(U100="charge",Q100,0) -> 0 | C100: =IF(V99="discharge",M100,0) -> -0.36906977 | D100: =(D99)+(B100*0.8)+(C100/0.8) -> 4.3062193 | E100: 107 | K100: ='Solar Availability and Gener GR'!F100 -> 0 | L100: ='System Load'!D100 -> 0.36906977 | M100: =K100-L100 -> -0.36906977 | N100: =IF(M100<0,"Buy from Grid","sell the surplus or charge") -> Buy from Grid | V100: =IF(D100+M100>0,"discharge","buy from the Grid") -> discharge | Y100: =(L100*E100)/1000 -> 0.039490465 | AA100: =M100+AA99 -> -0.30917792 | AD100: =AC100+O100 -> 0
A101: 100 | B101: =IF(U101="charge",Q101,0) -> 0 | C101: =IF(V100="discharge",M101,0) -> -0.36906977 | D101: =(D100)+(B101*0.8)+(C101/0.8) -> 3.8448821 | E101: 100 | K101: ='Solar Availability and Gener GR'!F101 -> 0 | L101: ='System Load'!D101 -> 0.36906977 | M101: =K101-L101 -> -0.36906977 | N101: =IF(M101<0,"Buy from Grid","sell the surplus or charge") -> Buy from Grid | V101: =IF(D101+M101>0,"discharge","buy from the Grid") -> discharge | Y101: =(L101*E101)/1000 -> 0.036906977 | AA101: =M101+AA100 -> -0.67824768 | AD101: =AC101+O101 -> 0
A102: 101 | B102: =IF(U102="charge",Q102,0) -> 0 | C102: =IF(V101="discharge",M102,0) -> -0.36906977 | D102: =(D101)+(B102*0.8)+(C102/0.8) -> 3.3835449 | E102: 160 | K102: ='Solar Availability and Gener GR'!F102 -> 0 | L102: ='System Load'!D102 -> 0.36906977 | M102: =K102-L102 -> -0.36906977 | N102: =IF(M102<0,"Buy from Grid","sell the surplus or charge") -> Buy from Grid | V102: =IF(D102+M102>0,"discharge","buy from the Grid") -> discharge | Y102: =(L102*E102)/1000 -> 0.059051163 | AA102: =M102+AA101 -> -1.0473175 | AD102: =AC102+O102 -> 0
...

Sheet Utility Function plus10%
A1: Hour_Index | B1: Battery_Charge_kWh | C1: Battery_Discharge_kWh | D1: SOC_kWh | E1: Spot Price | F1: MIN charge | G1: MAX charge | K1: Generated from Pv kwh | L1: household Demand Kwh | M1: Surplus/Deficit (Kwh) | N1: Export to Grid Kwh from PV | O1: SC,min | P1: α, sc,opt | Q1: P,sell | R1: Utility based on PV, opt | S1: Utility based on PV, min | T1: Calculated Spot Price with Upv,min and a,sc,opt | U1: Charge or Sell to grid | V1: Buy from Grid or import from Discharge | W1: income | X1: payment | Y1: expences at current regime | AA1: Surplus/Deficit cumulative | AC1: Consumption from Grid | AD1: C+SC
A2: 1 | B2: =D2 -> 1.2 | C2: 0 | D2: =F5*0.1 -> 1.2 | E2: 230.9 | F2: 0.1 | G2: 0.9 | K2: ='Solar Availability and Gener GR'!F2 -> 0 | L2: 0.29721721 | M2: =K2-L2 -> -0.29721721 | N2: =IF(M2<0,"Buy from Grid","sell the surplus or charge") -> Buy from Grid | V2: =IF(D2+M2>0,"discharge","buy from the Grid") -> discharge | Y2: =(L2*E2)/1000 -> 0.068627454 | AA2: =M2 -> -0.29721721 | AD2: =AC2+O2 -> 0
A3: 2 | B3: =IF(U3="charge",Q3,0) -> 0 | C3: =IF(V2="discharge",M2,0) -> -0.29721721 | D3: =(D2)+(B3*0.8)+(C3/0.8) -> 0.82847849 | E3: 268.19 | K3: ='Solar Availability and Gener GR'!F3 -> 0 | L3: 0.29596899 | M3: =K3-L3 -> -0.29596899 | N3: =IF(M3<0,"Buy from Grid","sell the surplus or charge") -> Buy from Grid | V3: =IF(D3+M3>0,"discharge","buy from the Grid") -> discharge | Y3: =(L3*E3)/1000 -> 0.079375924 | AA3: =M3+AA2 -> -0.5931862 | AD3: =AC3+O3 -> 0
A4: 3 | B4: =IF(U4="charge",Q4,0) -> 0 | C4: =IF(V3="discharge",M3,0) -> -0.29596899 | D4: =(D3)+(B4*0.8)+(C4/0.8) -> 0.45851725 | E4: 229.58 | F4: 10 kwh | G4: 5 kw | H4: per house | I4: n=90% | K4: ='Solar Availability and Gener GR'!F4 -> 0 | L4: 0.29596899 | M4: =K4-L4 -> -0.29596899 | N4: =IF(M4<0,"Buy from Grid","sell the surplus or charge") -> Buy from Grid | V4: =IF(D4+M4>0,"discharge","buy from the Grid") -> discharge | Y4: =(L4*E4)/1000 -> 0.067948561 | AA4: =M4+AA3 -> -0.88915519 | AD4: =AC4+O4 -> 0
A5: 4 | B5: =IF(U5="charge",Q5,0) -> 0 | C5: =IF(V4="discharge",M4,0) -> -0.29596899 | D5: =(D4)+(B5*0.8)+(C5/0.8) -> 0.088556008 | E5: 235.98 | F5: 12 | K5: ='Solar Availability and Gener GR'!F5 -> 0 | L5: 0.29596899 | M5: =K5-L5 -> -0.29596899 | N5: =IF(M5<0,"Buy from Grid","sell the surplus or charge") -> Buy from Grid | V5: =IF(D5+M5>0,"discharge","buy from the Grid") -> buy from the Grid | X5: =(M5*E5)/1000 -> -0.069842763 | Y5: =(L5*E5)/1000 -> 0.069842763 | AA5: =M5+AA4 -> -1.1851242 | AC5: =L5 -> 0.29596899 | AD5: =AC5+O5 -> 0.29596899
A6: 5 | B6: =IF(U6="charge",Q6,0) -> 0 | C6: =IF(V5="discharge",M5,0) -> 0 | D6: =(D5)+(B6*0.8)+(C6/0.8) -> 0.088556008 | E6: 234.28 | H6: 4kw | I6: pv | K6: ='Solar Availability and Gener GR'!F6 -> 0 | L6: 0.29596899 | M6: =K6-L6 -> -0.29596899 | N6: =IF(M6<0,"Buy from Grid","sell the surplus or charge") -> Buy from Grid | V6: =IF(D6+M6>0,"discharge","buy from the Grid") -> buy from the Grid | X6: =(M6*E6)/1000 -> -0.069339616 | Y6: =(L6*E6)/1000 -> 0.069339616 | AA6: =M6+AA5 -> -1.4810932 | AC6: =L6 -> 0.29596899 | AD6: =AC6+O6 -> 0.29596899
A7: 6 | B7: =IF(U7="charge",Q7,0) -> 0 | C7: =IF(V6="discharge",M6,0) -> 0 | D7: =(D6)+(B7*0.8)+(C7/0.8) -> 0.088556008 | E7: 237.63 | K7: ='Solar Availability and Gener GR'!F7 -> 0 | L7: 0.39891473 | M7: =K7-L7 -> -0.39891473 | N7: =IF(M7<0,"Buy from Grid","sell the surplus or charge") -> Buy from Grid | V7: =IF(D7+M7>0,"discharge","buy from the Grid") -> buy from the Grid | X7: =(M7*E7)/1000 -> -0.094794107 | Y7: =(L7*E7)/1000 -> 0.094794107 | AA7: =M7+AA6 -> -1.8800079 | AC7: =L7 -> 0.39891473 | AD7: =AC7+O7 -> 0.39891473
A8: 7 | B8: =IF(U8="charge",Q8,0) -> 0 | C8: =IF(V7="discharge",M7,0) -> 0 | D8: =(D7)+(B8*0.8)+(C8/0.8) -> 0.088556008 | E8: 239.66 | K8: ='Solar Availability and Gener GR'!F8 -> 0.036 | L8: 0.66914729 | M8: =K8-L8 -> -0.63314729 | N8: =IF(M8<0,"Buy from Grid","sell the surplus or charge") -> Buy from Grid | V8: =IF(D8+M8>0,"discharge","buy from the Grid") -> buy from the Grid | X8: =(M8*E8)/1000 -> -0.15174008 | Y8: =(L8*E8)/1000 -> 0.16036784 | AA8: =M8+AA7 -> -2.5131552 | AC8: =L8 -> 0.66914729 | AD8: =AC8+O8 -> 0.66914729
A9: 8 | B9: =IF(U9="charge",Q9,0) -> 0 | C9: =IF(V8="discharge",M8,0) -> 0 | D9: =(D8)+(B9*0.8)+(C9/0.8) -> 0.088556008 | E9: 231.88 | K9: ='Solar Availability and Gener GR'!F9 -> 0.072 | L9: 0.66914729 | M9: =K9-L9 -> -0.59714729 | N9: =IF(M9<0,"Buy from Grid","sell the surplus or charge") -> Buy from Grid | V9: =IF(D9+M9>0,"discharge","buy from the Grid") -> buy from the Grid | X9: =(M9*E9)/1000 -> -0.13846651 | Y9: =(L9*E9)/1000 -> 0.15516187 | AA9: =M9+AA8 -> -3.1103025 | AC9: =L9 -> 0.66914729 | AD9: =AC9+O9 -> 0.66914729
A10: 9 | B10: =IF(U10="charge",Q10,0) -> 0 | C10: =IF(V9="discharge",M9,0) -> 0 | D10: =(D9)+(B10*0.8)+(C10/0.8) -> 0.088556008 | E10: 186.47 | K10: ='Solar Availability and Gener GR'!F10 -> 0.108 | L10: 0.65627907 | M10: =K10-L10 -> -0.54827907 | N10: =IF(M10<0,"Buy from Grid","sell the surplus or charge") -> Buy from Grid | V10: =IF(D10+M10>0,"discharge","buy from the Grid") -> buy from the Grid | X10: =(M10*E10)/1000 -> -0.1022376 | Y10: =(L10*E10)/1000 -> 0.12237636 | AA10: =M10+AA9 -> -3.6585816 | AC10: =L10 -> 0.65627907 | AD10: =AC10+O10 -> 0.65627907
A11: 10 | B11: =IF(U11="charge",Q11,0) -> 0 | C11: =IF(V10="discharge",M10,0) -> 0 | D11: =(D10)+(B11*0.8)+(C11/0.8) -> 0.088556008 | E11: 186.47 | K11: ='Solar Availability and Gener GR'!F11 -> 0.17817591 | L11: 0.39891473 | M11: =K11-L11 -> -0.22073882 | N11: =IF(M11<0,"Buy from Grid","sell the surplus or charge") -> Buy from Grid | V11: =IF(D11+M11>0,"discharge","buy from the Grid") -> buy from the Grid | X11: =(M11*E11)/1000 -> -0.041161167 | Y11: =(L11*E11)/1000 -> 0.074385629 | AA11: =M11+AA10 -> -3.8793204 | AC11: =L11 -> 0.39891473 | AD11: =AC11+O11 -> 0.39891473
A12: 11 | B12: =IF(U12="charge",Q12,0) -> 0 | C12: =IF(V11="discharge",M11,0) -> 0 | D12: =(D11)+(B12*0.8)+(C12/0.8) -> 0.088556008 | E12: 177.25 | K12: ='Solar Availability and Gener GR'!F12 -> 0.60861302 | L12: 0.39891473 | M12: =K12-L12 -> 0.20969829 | N12: =IF(M12<0,"Buy from Grid","sell the surplus or charge") -> sell the surplus or charge | O12: 0.25 | P12: =0.25/L12 -> 0.62670035 | Q12: =K12-P12*L12 -> 0.35861302 | R12: =((1/(E12+0.01))*LN(0.25))+(E12*(K12-0.25)) -> 63.556336 | S12: =((1/(E12+0.01))*LN(L12))+(E12*(K12-L12)) -> 37.163837 | T12: =(S12+((S12^2)-4*(K12-L12*P12)*LN(L12*P12))^(0.5))/(2*(K12-L12*P12)) -> 103.66944 | U12: =IF(E12>=T12*1.1,"sell to the Grid","charge") -> sell to the Grid | W12: =(Q12*E12)/1000 -> 0.063564157 | Y12: =(L12*E12)/1000 -> 0.070707636 | AA12: =M12+AA11 -> -3.6696221 | AD12: =AC12+O12 -> 0.25
A13: 12 | B13: =IF(U13="charge",Q13,0) -> 0 | C13: =IF(V12="discharge",M12,0) -> 0 | D13: =(D12)+(B13*0.8)+(C13/0.8) -> 0.088556008 | E13: 168.5 | K13: ='Solar Availability and Gener GR'!F13 -> 1.0764 | L13: 0.39891473 | M13: =K13-L13 -> 0.67748527 | N13: =IF(M13<0,"Buy from Grid","sell the surplus or charge") -> sell the surplus or charge | O13: 0.25 | P13: =0.25/L13 -> 0.62670035 | Q13: =K13-P13*L13 -> 0.8264 | R13: =((1/(E13+0.01))*LN(0.25))+(E13*(K13-0.25)) -> 139.24017 | S13: =((1/(E13+0.01))*LN(L13))+(E13*(K13-L13)) -> 114.15081 | T13: =(S13+((S13^2)-4*(K13-L13*P13)*LN(L13*P13))^(0.5))/(2*(K13-L13*P13)) -> 138.14236 | U13: =IF(E13>=T13*1.1,"sell to the Grid","charge") -> sell to the Grid | W13: =(Q13*E13)/1000 -> 0.1392484 | Y13: =(L13*E13)/1000 -> 0.067217132 | AA13: =M13+AA12 -> -2.9921368 | AD13: =AC13+O13 -> 0.25
A14: 13 | B14: =IF(U14="charge",Q14,0) -> 0 | C14: =IF(V13="discharge",M13,0) -> 0 | D14: =(D13)+(B14*0.8)+(C14/0.8) -> 0.088556008 | E14: 84.9 | K14: ='Solar Availability and Gener GR'!F14 -> 1.3716 | L14: 0.39891473 | M14: =K14-L14 -> 0.97268527 | N14: =IF(M14<0,"Buy from Grid","sell the surplus or charge") -> sell the surplus or charge | O14: 0.25 | P14: =0.25/L14 -> 0.62670035 | Q14: =K14-P14*L14 -> 1.1216 | R14: =((1/(E14+0.01))*LN(0.25))+(E14*(K14-0.25)) -> 95.207513 | S14: =((1/(E14+0.01))*LN(L14))+(E14*(K14-L14)) -> 82.570156 | T14: =(S14+((S14^2)-4*(K14-L14*P14)*LN(L14*P14))^(0.5))/(2*(K14-L14*P14)) -> 73.63497 | U14: =IF(E14>=T14*1.1,"sell to the Grid","charge") -> sell to the Grid | W14: =(Q14*E14)/1000 -> 0.09522384 | Y14: =(L14*E14)/1000 -> 0.03386786 | AA14: =M14+AA13 -> -2.0194515 | AD14: =AC14+O14 -> 0.25
A15: 14 | B15: =IF(U15="charge",Q15,0) -> 0 | C15: =IF(V14="discharge",M14,0) -> 0 | D15: =(D14)+(B15*0.8)+(C15/0.8) -> 0.088556008 | E15: 81.95 | K15: ='Solar Availability and Gener GR'!F15 -> 1.4292 | L15: 0.39891473 | M15: =K15-L15 -> 1.0302853 | N15: =IF(M15<0,"Buy from Grid","sell the surplus or charge") -> sell the surplus or charge | O15: 0.25 | P15: =0.25/L15 -> 0.62670035 | Q15: =K15-P15*L15 -> 1.1792 | R15: =((1/(E15+0.01))*LN(0.25))+(E15*(K15-0.25)) -> 96.618526 | S15: =((1/(E15+0.01))*LN(L15))+(E15*(K15-L15)) -> 84.420665 | T15: =(S15+((S15^2)-4*(K15-L15*P15)*LN(L15*P15))^(0.5))/(2*(K15-L15*P15)) -> 71.607891 | U15: =IF(E15>=T15*1.1,"sell to the Grid","charge") -> sell to the Grid | W15: =(Q15*E15)/1000 -> 0.09663544 | Y15: =(L15*E15)/1000 -> 0.032691062 | AA15: =M15+AA14 -> -0.98916627 | AD15: =AC15+O15 -> 0.25
A16: 15 | B16: =IF(U16="charge",Q16,0) -> 0 | C16: =IF(V15="discharge",M15,0) -> 0 | D16: =(D15)+(B16*0.8)+(C16/0.8) -> 0.088556008 | E16: 179.73 | K16: ='Solar Availability and Gener GR'!F16 -> 1.3536 | L16: 0.39891473 | M16: =K16-L16 -> 0.95468527 | N16: =IF(M16<0,"Buy from Grid","sell the surplus or charge") -> sell the surplus or charge | O16: 0.25 | P16: =0.25/L16 -> 0.62670035 | Q16: =K16-P16*L16 -> 1.1036 | R16: =((1/(E16+0.01))*LN(0.25))+(E16*(K16-0.25)) -> 198.34232 | S16: =((1/(E16+0.01))*LN(L16))+(E16*(K16-L16)) -> 171.58047 | T16: =(S16+((S16^2)-4*(K16-L16*P16)*LN(L16*P16))^(0.5))/(2*(K16-L16*P16)) -> 155.4815 | U16: =IF(E16>=T16*1.1,"sell to the Grid","charge") -> sell to the Grid | W16: =(Q16*E16)/1000 -> 0.19835003 | Y16: =(L16*E16)/1000 -> 0.071696944 | AA16: =M16+AA15 -> -0.034480997 | AD16: =AC16+O16 -> 0.25
A17: 16 | B17: =IF(U17="charge",Q17,0) -> 0 | C17: =IF(V16="discharge",M16,0) -> 0 | D17: =(D16)+(B17*0.8)+(C17/0.8) -> 0.088556008 | E17: 295 | K17: ='Solar Availability and Gener GR'!F17 -> 1.1052 | L17: 0.39891473 | M17: =K17-L17 -> 0.70628527 | N17: =IF(M17<0,"Buy from Grid","sell the surplus or charge") -> sell the surplus or charge | O17: 0.25 | P17: =0.25/L17 -> 0.62670035 | Q17: =K17-P17*L17 -> 0.8552 | R17: =((1/(E17+0.01))*LN(0.25))+(E17*(K17-0.25)) -> 252.2793 | S17: =((1/(E17+0.01))*LN(L17))+(E17*(K17-L17)) -> 208.35104 | T17: =(S17+((S17^2)-4*(K17-L17*P17)*LN(L17*P17))^(0.5))/(2*(K17-L17*P17)) -> 243.63509 | U17: =IF(E17>=T17*1.1,"sell to the Grid","charge") -> sell to the Grid | W17: =(Q17*E17)/1000 -> 0.252284 | Y17: =(L17*E17)/1000 -> 0.11767984 | AA17: =M17+AA16 -> 0.67180427 | AD17: =AC17+O17 -> 0.25
A18: 17 | B18: =IF(U18="charge",Q18,0) -> 0 | C18: =IF(V17="discharge",M17,0) -> 0 | D18: =(D17)+(B18*0.8)+(C18/0.8) -> 0.088556008 | E18: 348.15 | K18: ='Solar Availability and Gener GR'!F18 -> 0.7596 | L18: 0.39891473 | M18: =K18-L18 -> 0.36068527 | N18: =IF(M18<0,"Buy from Grid","sell the surplus or charge") -> sell the surplus or charge | O18: 0.25 | P18: =0.25/L18 -> 0.62670035 | Q18: =K18-P18*L18 -> 0.5096 | R18: =((1/(E18+0.01))*LN(0.25))+(E18*(K18-0.25)) -> 177.41326 | S18: =((1/(E18+0.01))*LN(L18))+(E18*(K18-L18)) -> 125.56994 | T18: =(S18+((S18^2)-4*(K18-L18*P18)*LN(L18*P18))^(0.5))/(2*(K18-L18*P18)) -> 246.41987 | U18: =IF(E18>=T18*1.1,"sell to the Grid","charge") -> sell to the Grid | W18: =(Q18*E18)/1000 -> 0.17741724 | Y18: =(L18*E18)/1000 -> 0.13888216 | AA18: =M18+AA17 -> 1.0324895 | AD18: =AC18+O18 -> 0.25
A19: 18 | B19: =IF(U19="charge",Q19,0) -> 0 | C19: =IF(V18="discharge",M18,0) -> 0 | D19: =(D18)+(B19*0.8)+(C19/0.8) -> 0.088556008 | E19: 322.34 | K19: ='Solar Availability and Gener GR'!F19 -> 0.3096 | L19: 0.66914729 | M19: =K19-L19 -> -0.35954729 | N19: =IF(M19<0,"Buy from Grid","sell the surplus or charge") -> Buy from Grid | V19: =IF(D19+M19>0,"discharge","buy from the Grid") -> buy from the Grid | X19: =(M19*E19)/1000 -> -0.11589647 | Y19: =(L19*E19)/1000 -> 0.21569294 | AA19: =M19+AA18 -> 0.67294226 | AC19: =L19 -> 0.66914729 | AD19: =AC19+O19 -> 0.66914729
A20: 19 | B20: =IF(U20="charge",Q20,0) -> 0 | C20: =IF(V19="discharge",M19,0) -> 0 | D20: =(D19)+(B20*0.8)+(C20/0.8) -> 0.088556008 | E20: 301.65 | K20: ='Solar Availability and Gener GR'!F20 -> 0.0288 | L20: 0.65627907 | M20: =K20-L20 -> -0.62747907 | N20: =IF(M20<0,"Buy from Grid","sell the surplus or charge") -> Buy from Grid | V20: =IF(D20+M20>0,"discharge","buy from the Grid") -> buy from the Grid | X20: =(M20*E20)/1000 -> -0.18927906 | Y20: =(L20*E20)/1000 -> 0.19796658 | AA20: =M20+AA19 -> 0.045463189 | AC20: =L20 -> 0.65627907 | AD20: =AC20+O20 -> 0.65627907
A21: 20 | B21: =IF(U21="charge",Q21,0) -> 0 | C21: =IF(V20="discharge",M20,0) -> 0 | D21: =(D20)+(B21*0.8)+(C21/0.8) -> 0.088556008 | E21: 353.15 | K21: ='Solar Availability and Gener GR'!F21 -> 0 | L21: 0.66914729 | M21: =K21-L21 -> -0.66914729 | N21: =IF(M21<0,"Buy from Grid","sell the surplus or charge") -> Buy from Grid | V21: =IF(D21+M21>0,"discharge","buy from the Grid") -> buy from the Grid | X21: =(M21*E21)/1000 -> -0.23630936 | Y21: =(L21*E21)/1000 -> 0.23630936 | AA21: =M21+AA20 -> -0.6236841 | AC21: =L21 -> 0.66914729 | AD21: =AC21+O21 -> 0.66914729
A22: 21 | B22: =IF(U22="charge",Q22,0) -> 0 | C22: =IF(V21="discharge",M21,0) -> 0 | D22: =(D21)+(B22*0.8)+(C22/0.8) -> 0.088556008 | E22: 363.15 | K22: ='Solar Availability and Gener GR'!F22 -> 0 | L22: 0.66914729 | M22: =K22-L22 -> -0.66914729 | N22: =IF(M22<0,"Buy from Grid","sell the surplus or charge") -> Buy from Grid | V22: =IF(D22+M22>0,"discharge","buy from the Grid") -> buy from the Grid | X22: =(M22*E22)/1000 -> -0.24300084 | Y22: =(L22*E22)/1000 -> 0.24300084 | AA22: =M22+AA21 -> -1.2928314 | AC22: =L22 -> 0.66914729 | AD22: =AC22+O22 -> 0.66914729
A23: 22 | B23: =IF(U23="charge",Q23,0) -> 0 | C23: =IF(V22="discharge",M22,0) -> 0 | D23: =(D22)+(B23*0.8)+(C23/0.8) -> 0.088556008 | E23: 283.56 | K23: ='Solar Availability and Gener GR'!F23 -> 0 | L23: 0.39891473 | M23: =K23-L23 -> -0.39891473 | N23: =IF(M23<0,"Buy from Grid","sell the surplus or charge") -> Buy from Grid | V23: =IF(D23+M23>0,"discharge","buy from the Grid") -> buy from the Grid | X23: =(M23*E23)/1000 -> -0.11311626 | Y23: =(L23*E23)/1000 -> 0.11311626 | AA23: =M23+AA22 -> -1.6917461 | AC23: =L23 -> 0.39891473 | AD23: =AC23+O23 -> 0.39891473
A24: 23 | B24: =IF(U24="charge",Q24,0) -> 0 | C24: =IF(V23="discharge",M23,0) -> 0 | D24: =(D23)+(B24*0.8)+(C24/0.8) -> 0.088556008 | E24: 237.97 | K24: ='Solar Availability and Gener GR'!F24 -> 0 | L24: 0.39891473 | M24: =K24-L24 -> -0.39891473 | N24: =IF(M24<0,"Buy from Grid","sell the surplus or charge") -> Buy from Grid | V24: =IF(D24+M24>0,"discharge","buy from the Grid") -> buy from the Grid | X24: =(M24*E24)/1000 -> -0.094929738 | Y24: =(L24*E24)/1000 -> 0.094929738 | AA24: =M24+AA23 -> -2.0906608 | AC24: =L24 -> 0.39891473 | AD24: =AC24+O24 -> 0.39891473
A25: 24 | B25: =IF(U25="charge",Q25,0) -> 0 | C25: =IF(V24="discharge",M24,0) -> 0 | D25: =(D24)+(B25*0.8)+(C25/0.8) -> 0.088556008 | E25: 230.59 | K25: ='Solar Availability and Gener GR'!F25 -> 0 | L25: 0.39891473 | M25: =K25-L25 -> -0.39891473 | N25: =IF(M25<0,"Buy from Grid","sell the surplus or charge") -> Buy from Grid | V25: =IF(D25+M25>0,"discharge","buy from the Grid") -> buy from the Grid | X25: =(M25*E25)/1000 -> -0.091985747 | Y25: =(L25*E25)/1000 -> 0.091985747 | AA25: =M25+AA24 -> -2.4895756 | AC25: =L25 -> 0.39891473 | AD25: =AC25+O25 -> 0.39891473
A26: 25 | B26: =IF(U26="charge",Q26,0) -> 0 | C26: =IF(V25="discharge",M25,0) -> 0 | D26: =(D25)+(B26*0.8)+(C26/0.8) -> 0.088556008 | E26: 187.27 | K26: ='Solar Availability and Gener GR'!F26 -> 0 | L26: 0.29596899 | M26: =K26-L26 -> -0.29596899 | N26: =IF(M26<0,"Buy from Grid","sell the surplus or charge") -> Buy from Grid | V26: =IF(D26+M26>0,"discharge","buy from the Grid") -> buy from the Grid | X26: =(M26*E26)/1000 -> -0.055426113 | Y26: =(L26*E26)/1000 -> 0.055426113 | AA26: =M26+AA25 -> -2.7855446 | AC26: =L26 -> 0.29596899 | AD26: =AC26+O26 -> 0.29596899
A27: 26 | B27: =IF(U27="charge",Q27,0) -> 0 | C27: =IF(V26="discharge",M26,0) -> 0 | D27: =(D26)+(B27*0.8)+(C27/0.8) -> 0.088556008 | E27: 187.2 | K27: ='Solar Availability and Gener GR'!F27 -> 0 | L27: 0.29596899 | M27: =K27-L27 -> -0.29596899 | N27: =IF(M27<0,"Buy from Grid","sell the surplus or charge") -> Buy from Grid | V27: =IF(D27+M27>0,"discharge","buy from the Grid") -> buy from the Grid | X27: =(M27*E27)/1000 -> -0.055405395 | Y27: =(L27*E27)/1000 -> 0.055405395 | AA27: =M27+AA26 -> -3.0815136 | AC27: =L27 -> 0.29596899 | AD27: =AC27+O27 -> 0.29596899
A28: 27 | B28: =IF(U28="charge",Q28,0) -> 0 | C28: =IF(V27="discharge",M27,0) -> 0 | D28: =(D27)+(B28*0.8)+(C28/0.8) -> 0.088556008 | E28: 180 | K28: ='Solar Availability and Gener GR'!F28 -> 0 | L28: 0.29596899 | M28: =K28-L28 -> -0.29596899 | N28: =IF(M28<0,"Buy from Grid","sell the surplus or charge") -> Buy from Grid | V28: =IF(D28+M28>0,"discharge","buy from the Grid") -> buy from the Grid | X28: =(M28*E28)/1000 -> -0.053274419 | Y28: =(L28*E28)/1000 -> 0.053274419 | AA28: =M28+AA27 -> -3.3774825 | AC28: =L28 -> 0.29596899 | AD28: =AC28+O28 -> 0.29596899
A29: 28 | B29: =IF(U29="charge",Q29,0) -> 0 | C29: =IF(V28="discharge",M28,0) -> 0 | D29: =(D28)+(B29*0.8)+(C29/0.8) -> 0.088556008 | E29: 180 | K29: ='Solar Availability and Gener GR'!F29 -> 0 | L29: 0.29596899 | M29: =K29-L29 -> -0.29596899 | N29: =IF(M29<0,"Buy from Grid","sell the surplus or charge") -> Buy from Grid | V29: =IF(D29+M29>0,"discharge","buy from the Grid") -> buy from the Grid | X29: =(M29*E29)/1000 -> -0.053274419 | Y29: =(L29*E29)/1000 -> 0.053274419 | AA29: =M29+AA28 -> -3.6734515 | AC29: =L29 -> 0.29596899 | AD29: =AC29+O29 -> 0.29596899
A30: 29 | B30: =IF(U30="charge",Q30,0) -> 0 | C30: =IF(V29="discharge",M29,0) -> 0 | D30: =(D29)+(B30*0.8)+(C30/0.8) -> 0.088556008 | E30: 185.89 | K30: ='Solar Availability and Gener GR'!F30 -> 0 | L30: 0.29596899 | M30: =K30-L30 -> -0.29596899 | N30: =IF(M30<0,"Buy from Grid","sell the surplus or charge") -> Buy from Grid | V30: =IF(D30+M30>0,"discharge","buy from the Grid") -> buy from the Grid | X30: =(M30*E30)/1000 -> -0.055017676 | Y30: =(L30*E30)/1000 -> 0.055017676 | AA30: =M30+AA29 -> -3.9694205 | AC30: =L30 -> 0.29596899 | AD30: =AC30+O30 -> 0.29596899
... A35: 34 | B35: =IF(U35="charge",Q35,0) -> 0 | C35: =IF(V34="discharge",M34,0) -> 0 | D35: =(D34)+(B35*0.8)+(C35/0.8) -> 0.088556008 | E35: 203.99 | K35: ='Solar Availability and Gener GR'!F35 -> 0.17817591 | L35: 0.39891473 | M35: =K35-L35 -> -0.22073882 | N35: =IF(M35<0,"Buy from Grid","sell the surplus or charge") -> Buy from Grid | V35: =IF(D35+M35>0,"discharge","buy from the Grid") -> buy from the Grid | X35: =(M35*E35)/1000 -> -0.045028512 | Y35: =(L35*E35)/1000 -> 0.081374616 | AA35: =M35+AA34 -> -6.3547795 | AC35: =L35 -> 0.39891473 | AD35: =AC35+O35 -> 0.39891473
A36: 35 | B36: =IF(U36="charge",Q36,0) -> 0 | C36: =IF(V35="discharge",M35,0) -> 0 | D36: =(D35)+(B36*0.8)+(C36/0.8) -> 0.088556008 | E36: 196.23 | K36: ='Solar Availability and Gener GR'!F36 -> 0.60861302 | L36: 0.39891473 | M36: =K36-L36 -> 0.20969829 | N36: =IF(M36<0,"Buy from Grid","sell the surplus or charge") -> sell the surplus or charge | O36: 0.25 | P36: =0.25/L36 -> 0.62670035 | Q36: =K36-P36*L36 -> 0.35861302 | R36: =((1/(E36+0.01))*LN(0.25))+(E36*(K36-0.25)) -> 70.363568 | S36: =((1/(E36+0.01))*LN(L36))+(E36*(K36-L36)) -> 41.144412 | T36: =(S36+((S36^2)-4*(K36-L36*P36)*LN(L36*P36))^(0.5))/(2*(K36-L36*P36)) -> 114.76575 | U36: =IF(E36>=T36*1.1,"sell to the Grid","charge") -> sell to the Grid | W36: =(Q36*E36)/1000 -> 0.070370632 | Y36: =(L36*E36)/1000 -> 0.078279037 | AA36: =M36+AA35 -> -6.1450812 | AD36: =AC36+O36 -> 0.25
A37: 36 | B37: =IF(U37="charge",Q37,0) -> 0 | C37: =IF(V36="discharge",M36,0) -> 0 | D37: =(D36)+(B37*0.8)+(C37/0.8) -> 0.088556008 | E37: 188.89 | K37: ='Solar Availability and Gener GR'!F37 -> 1.0764 | L37: 0.39891473 | M37: =K37-L37 -> 0.67748527 | N37: =IF(M37<0,"Buy from Grid","sell the surplus or charge") -> sell the surplus or charge | O37: 0.25 | P37: =0.25/L37 -> 0.62670035 | Q37: =K37-P37*L37 -> 0.8264 | R37: =((1/(E37+0.01))*LN(0.25))+(E37*(K37-0.25)) -> 156.09136 | S37: =((1/(E37+0.01))*LN(L37))+(E37*(K37-L37)) -> 127.96533 | T37: =(S37+((S37^2)-4*(K37-L37*P37)*LN(L37*P37))^(0.5))/(2*(K37-L37*P37)) -> 154.85755 | U37: =IF(E37>=T37*1.1,"sell to the Grid","charge") -> sell to the Grid | W37: =(Q37*E37)/1000 -> 0.1560987 | Y37: =(L37*E37)/1000 -> 0.075351003 | AA37: =M37+AA36 -> -5.4675959 | AD37: =AC37+O37 -> 0.25
A38: 37 | B38: =IF(U38="charge",Q38,0) -> 0 | C38: =IF(V37="discharge",M37,0) -> 0 | D38: =(D37)+(B38*0.8)+(C38/0.8) -> 0.088556008 | E38: 187.91 | K38: ='Solar Availability and Gener GR'!F38 -> 1.6416 | L38: 0.39891473 | M38: =K38-L38 -> 1.2426853 | N38: =IF(M38<0,"Buy from Grid","sell the surplus or charge") -> sell the surplus or charge | O38: 0.25 | P38: =0.25/L38 -> 0.62670035 | Q38: =K38-P38*L38 -> 1.3916 | R38: =((1/(E38+0.01))*LN(0.25))+(E38*(K38-0.25)) -> 261.48818 | S38: =((1/(E38+0.01))*LN(L38))+(E38*(K38-L38)) -> 233.5081 | T38: =(S38+((S38^2)-4*(K38-L38*P38)*LN(L38*P38))^(0.5))/(2*(K38-L38*P38)) -> 167.80423 | U38: =IF(E38>=T38*1.1,"sell to the Grid","charge") -> sell to the Grid | W38: =(Q38*E38)/1000 -> 0.26149556 | Y38: =(L38*E38)/1000 -> 0.074960067 | AA38: =M38+AA37 -> -4.2249107 | AD38: =AC38+O38 -> 0.25
A39: 38 | B39: =IF(U39="charge",Q39,0) -> 0 | C39: =IF(V38="discharge",M38,0) -> 0 | D39: =(D38)+(B39*0.8)+(C39/0.8) -> 0.088556008 | E39: 188.89 | K39: ='Solar Availability and Gener GR'!F39 -> 1.7748 | L39: 0.39891473 | M39: =K39-L39 -> 1.3758853 | N39: =IF(M39<0,"Buy from Grid","sell the surplus or charge") -> sell the surplus or charge | O39: 0.25 | P39: =0.25/L39 -> 0.62670035 | Q39: =K39-P39*L39 -> 1.5248 | R39: =((1/(E39+0.01))*LN(0.25))+(E39*(K39-0.25)) -> 288.01213 | S39: =((1/(E39+0.01))*LN(L39))+(E39*(K39-L39)) -> 259.8861 | T39: =(S39+((S39^2)-4*(K39-L39*P39)*LN(L39*P39))^(0.5))/(2*(K39-L39*P39)) -> 170.4448 | U39: =IF(E39>=T39*1.1,"sell to the Grid","charge") -> sell to the Grid | W39: =(Q39*E39)/1000 -> 0.28801947 | Y39: =(L39*E39)/1000 -> 0.075351003 | AA39: =M39+AA38 -> -2.8490254 | AD39: =AC39+O39 -> 0.25
A40: 39 | B40: =IF(U40="charge",Q40,0) -> 0 | C40: =IF(V39="discharge",M39,0) -> 0 | D40: =(D39)+(B40*0.8)+(C40/0.8) -> 0.088556008 | E40: 203.7 | K40: ='Solar Availability and Gener GR'!F40 -> 1.6596 | L40: 0.39891473 | M40: =K40-L40 -> 1.2606853 | N40: =IF(M40<0,"Buy from Grid","sell the surplus or charge") -> sell the surplus or charge | O40: 0.25 | P40: =0.25/L40 -> 0.62670035 | Q40: =K40-P40*L40 -> 1.4096 | R40: =((1/(E40+0.01))*LN(0.25))+(E40*(K40-0.25)) -> 287.12871 | S40: =((1/(E40+0.01))*LN(L40))+(E40*(K40-L40)) -> 256.79708 | T40: =(S40+((S40^2)-4*(K40-L40*P40)*LN(L40*P40))^(0.5))/(2*(K40-L40*P40)) -> 182.18267 | U40: =IF(E40>=T40*1.1,"sell to the Grid","charge") -> sell to the Grid | W40: =(Q40*E40)/1000 -> 0.28713552 | Y40: =(L40*E40)/1000 -> 0.08125893 | AA40: =M40+AA39 -> -1.5883401 | AD40: =AC40+O40 -> 0.25
A41: 40 | B41: =IF(U41="charge",Q41,0) -> 0 | C41: =IF(V40="discharge",M40,0) -> 0 | D41: =(D40)+(B41*0.8)+(C41/0.8) -> 0.088556008 | E41: 363.77 | K41: ='Solar Availability and Gener GR'!F41 -> 1.4112 | L41: 0.39891473 | M41: =K41-L41 -> 1.0122853 | N41: =IF(M41<0,"Buy from Grid","sell the surplus or charge") -> sell the surplus or charge | O41: 0.25 | P41: =0.25/L41 -> 0.62670035 | Q41: =K41-P41*L41 -> 1.1612 | R41: =((1/(E41+0.01))*LN(0.25))+(E41*(K41-0.25)) -> 422.40591 | S41: =((1/(E41+0.01))*LN(L41))+(E41*(K41-L41)) -> 368.23649 | T41: =(S41+((S41^2)-4*(K41-L41*P41)*LN(L41*P41))^(0.5))/(2*(K41-L41*P41)) -> 317.12096 | U41: =IF(E41>=T41*1.1,"sell to the Grid","charge") -> sell to the Grid | W41: =(Q41*E41)/1000 -> 0.42240972 | Y41: =(L41*E41)/1000 -> 0.14511321 | AA41: =M41+AA40 -> -0.57605486 | AD41: =AC41+O41 -> 0.25
A42: 41 | B42: =IF(U42="charge",Q42,0) -> 0 | C42: =IF(V41="discharge",M41,0) -> 0 | D42: =(D41)+(B42*0.8)+(C42/0.8) -> 0.088556008 | E42: 348.77 | K42: ='Solar Availability and Gener GR'!F42 -> 1.0836 | L42: 0.39891473 | M42: =K42-L42 -> 0.68468527 | N42: =IF(M42<0,"Buy from Grid","sell the surplus or charge") -> sell the surplus or charge | O42: 0.25 | P42: =0.25/L42 -> 0.62670035 | Q42: =K42-P42*L42 -> 0.8336 | R42: =((1/(E42+0.01))*LN(0.25))+(E42*(K42-0.25)) -> 290.7307 | S42: =((1/(E42+0.01))*LN(L42))+(E42*(K42-L42)) -> 238.79505 | T42: =(S42+((S42^2)-4*(K42-L42*P42)*LN(L42*P42))^(0.5))/(2*(K42-L42*P42)) -> 286.46819 | U42: =IF(E42>=T42*1.1,"sell to the Grid","charge") -> sell to the Grid | W42: =(Q42*E42)/1000 -> 0.29073467 | Y42: =(L42*E42)/1000 -> 0.13912949 | AA42: =M42+AA41 -> 0.10863041 | AD42: =AC42+O42 -> 0.25
A43: 42 | B43: =IF(U43="charge",Q43,0) -> 0 | C43: =IF(V42="discharge",M42,0) -> 0 | D43: =(D42)+(B43*0.8)+(C43/0.8) -> 0.088556008 | E43: 363.77 | K43: ='Solar Availability and Gener GR'!F43 -> 0.54 | L43: 0.66914729 | M43: =K43-L43 -> -0.12914729 | N43: =IF(M43<0,"Buy from Grid","sell the surplus or charge") -> Buy from Grid | V43: =IF(D43+M43>0,"discharge","buy from the Grid") -> buy from the Grid | X43: =(M43*E43)/1000 -> -0.046979909 | Y43: =(L43*E43)/1000 -> 0.24341571 | AA43: =M43+AA42 -> -0.020516878 | AC43: =L43 -> 0.66914729 | AD43: =AC43+O43 -> 0.66914729
A44: 43 | B44: =IF(U44="charge",Q44,0) -> 0 | C44: =IF(V43="discharge",M43,0) -> 0 | D44: =(D43)+(B44*0.8)+(C44/0.8) -> 0.088556008 | E44: 301.24 | K44: ='Solar Availability and Gener GR'!F44 -> 0.1368 | L44: 0.66914729 | M44: =K44-L44 -> -0.53234729 | N44: =IF(M44<0,"Buy from Grid","sell the surplus or charge") -> Buy from Grid | V44: =IF(D44+M44>0,"discharge","buy from the Grid") -> buy from the Grid | X44: =(M44*E44)/1000 -> -0.1603643 | Y44: =(L44*E44)/1000 -> 0.20157393 | AA44: =M44+AA43 -> -0.55286416 | AC44: =L44 -> 0.66914729 | AD44: =AC44+O44 -> 0.66914729
A45: 44 | B45: =IF(U45="charge",Q45,0) -> 0 | C45: =IF(V44="discharge",M44,0) -> 0 | D45: =(D44)+(B45*0.8)+(C45/0.8) -> 0.088556008 | E45: 353.77 | K45: ='Solar Availability and Gener GR'!F45 -> 0 | L45: 0.65627907 | M45: =K45-L45 -> -0.65627907 | N45: =IF(M45<0,"Buy from Grid","sell the surplus or charge") -> Buy from Grid | V45: =IF(D45+M45>0,"discharge","buy from the Grid") -> buy from the Grid | X45: =(M45*E45)/1000 -> -0.23217185 | Y45: =(L45*E45)/1000 -> 0.23217185 | AA45: =M45+AA44 -> -1.2091432 | AC45: =L45 -> 0.65627907 | AD45: =AC45+O45 -> 0.65627907
A46: 45 | B46: =IF(U46="charge",Q46,0) -> 0 | C46: =IF(V45="discharge",M45,0) -> 0 | D46: =(D45)+(B46*0.8)+(C46/0.8) -> 0.088556008 | E46: 358.77 | K46: ='Solar Availability and Gener GR'!F46 -> 0 | L46: 0.66914729 | M46: =K46-L46 -> -0.66914729 | N46: =IF(M46<0,"Buy from Grid","sell the surplus or charge") -> Buy from Grid | V46: =IF(D46+M46>0,"discharge","buy from the Grid") -> buy from the Grid | X46: =(M46*E46)/1000 -> -0.24006997 | Y46: =(L46*E46)/1000 -> 0.24006997 | AA46: =M46+AA45 -> -1.8782905 | AC46: =L46 -> 0.66914729 | AD46: =AC46+O46 -> 0.66914729
A47: 46 | B47: =IF(U47="charge",Q47,0) -> 0 | C47: =IF(V46="discharge",M46,0) -> 0 | D47: =(D46)+(B47*0.8)+(C47/0.8) -> 0.088556008 | E47: 284.53 | K47: ='Solar Availability and Gener GR'!F47 -> 0 | L47: 0.39891473 | M47: =K47-L47 -> -0.39891473 | N47: =IF(M47<0,"Buy from Grid","sell the surplus or charge") -> Buy from Grid | V47: =IF(D47+M47>0,"discharge","buy from the Grid") -> buy from the Grid | X47: =(M47*E47)/1000 -> -0.11350321 | Y47: =(L47*E47)/1000 -> 0.11350321 | AA47: =M47+AA46 -> -2.2772052 | AC47: =L47 -> 0.39891473 | AD47: =AC47+O47 -> 0.39891473
A48: 47 | B48: =IF(U48="charge",Q48,0) -> 0 | C48: =IF(V47="discharge",M47,0) -> 0 | D48: =(D47)+(B48*0.8)+(C48/0.8) -> 0.088556008 | E48: 268.66 | K48: ='Solar Availability and Gener GR'!F48 -> 0 | L48: 0.39891473 | M48: =K48-L48 -> -0.39891473 | N48: =IF(M48<0,"Buy from Grid","sell the surplus or charge") -> Buy from Grid | V48: =IF(D48+M48>0,"discharge","buy from the Grid") -> buy from the Grid | X48: =(M48*E48)/1000 -> -0.10717243 | Y48: =(L48*E48)/1000 -> 0.10717243 | AA48: =M48+AA47 -> -2.67612 | AC48: =L48 -> 0.39891473 | AD48: =AC48+O48 -> 0.39891473
A49: 48 | B49: =IF(U49="charge",Q49,0) -> 0 | C49: =IF(V48="discharge",M48,0) -> 0 | D49: =(D48)+(B49*0.8)+(C49/0.8) -> 0.088556008 | E49: 262.99 | K49: ='Solar Availability and Gener GR'!F49 -> 0 | L49: 0.39891473 | M49: =K49-L49 -> -0.39891473 | N49: =IF(M49<0,"Buy from Grid","sell the surplus or charge") -> Buy from Grid | V49: =IF(D49+M49>0,"discharge","buy from the Grid") -> buy from the Grid | X49: =(M49*E49)/1000 -> -0.10491058 | Y49: =(L49*E49)/1000 -> 0.10491058 | AA49: =M49+AA48 -> -3.0750347 | AC49: =L49 -> 0.39891473 | AD49: =AC49+O49 -> 0.39891473
A50: 49 | B50: =IF(U50="charge",Q50,0) -> 0 | C50: =IF(V49="discharge",M49,0) -> 0 | D50: =(D49)+(B50*0.8)+(C50/0.8) -> 0.088556008 | E50: 349.17 | K50: ='Solar Availability and Gener GR'!F50 -> 0 | L50: 0.29596899 | M50: =K50-L50 -> -0.29596899 | N50: =IF(M50<0,"Buy from Grid","sell the surplus or charge") -> Buy from Grid | V50: =IF(D50+M50>0,"discharge","buy from the Grid") -> buy from the Grid | X50: =(M50*E50)/1000 -> -0.10334349 | Y50: =(L50*E50)/1000 -> 0.10334349 | AA50: =M50+AA49 -> -3.3710037 | AC50: =L50 -> 0.29596899 | AD50: =AC50+O50 -> 0.29596899
A51: 50 | B51: =IF(U51="charge",Q51,0) -> 0 | C51: =IF(V50="discharge",M50,0) -> 0 | D51: =(D50)+(B51*0.8)+(C51/0.8) -> 0.088556008 | E51: 274.1 | K51: ='Solar Availability and Gener GR'!F51 -> 0 | L51: 0.29596899 | M51: =K51-L51 -> -0.29596899 | N51: =IF(M51<0,"Buy from Grid","sell the surplus or charge") -> Buy from Grid | V51: =IF(D51+M51>0,"discharge","buy from the Grid") -> buy from the Grid | X51: =(M51*E51)/1000 -> -0.081125101 | Y51: =(L51*E51)/1000 -> 0.081125101 | AA51: =M51+AA50 -> -3.6669727 | AC51: =L51 -> 0.29596899 | AD51: =AC51+O51 -> 0.29596899
A52: 51 | B52: =IF(U52="charge",Q52,0) -> 0 | C52: =IF(V51="discharge",M51,0) -> 0 | D52: =(D51)+(B52*0.8)+(C52/0.8) -> 0.088556008 | E52: 271.25 | K52: ='Solar Availability and Gener GR'!F52 -> 0 | L52: 0.29596899 | M52: =K52-L52 -> -0.29596899 | N52: =IF(M52<0,"Buy from Grid","sell the surplus or charge") -> Buy from Grid | V52: =IF(D52+M52>0,"discharge","buy from the Grid") -> buy from the Grid | X52: =(M52*E52)/1000 -> -0.080281589 | Y52: =(L52*E52)/1000 -> 0.080281589 | AA52: =M52+AA51 -> -3.9629417 | AC52: =L52 -> 0.29596899 | AD52: =AC52+O52 -> 0.29596899
A53: 52 | B53: =IF(U53="charge",Q53,0) -> 0 | C53: =IF(V52="discharge",M52,0) -> 0 | D53: =(D52)+(B53*0.8)+(C53/0.8) -> 0.088556008 | E53: 172.78 | K53: ='Solar Availability and Gener GR'!F53 -> 0 | L53: 0.29596899 | M53: =K53-L53 -> -0.29596899 | N53: =IF(M53<0,"Buy from Grid","sell the surplus or charge") -> Buy from Grid | V53: =IF(D53+M53>0,"discharge","buy from the Grid") -> buy from the Grid | X53: =(M53*E53)/1000 -> -0.051137522 | Y53: =(L53*E53)/1000 -> 0.051137522 | AA53: =M53+AA52 -> -4.2589107 | AC53: =L53 -> 0.29596899 | AD53: =AC53+O53 -> 0.29596899
A54: 53 | B54: =IF(U54="charge",Q54,0) -> 0 | C54: =IF(V53="discharge",M53,0) -> 0 | D54: =(D53)+(B54*0.8)+(C54/0.8) -> 0.088556008 | E54: 272.85 | K54: ='Solar Availability and Gener GR'!F54 -> 0 | L54: 0.29596899 | M54: =K54-L54 -> -0.29596899 | N54: =IF(M54<0,"Buy from Grid","sell the surplus or charge") -> Buy from Grid | V54: =IF(D54+M54>0,"discharge","buy from the Grid") -> buy from the Grid | X54: =(M54*E54)/1000 -> -0.08075514 | Y54: =(L54*E54)/1000 -> 0.08075514 | AA54: =M54+AA53 -> -4.5548797 | AC54: =L54 -> 0.29596899 | AD54: =AC54+O54 -> 0.29596899
... A58: 57 | B58: =IF(U58="charge",Q58,0) -> 0 | C58: =IF(V57="discharge",M57,0) -> 0 | D58: =(D57)+(B58*0.8)+(C58/0.8) -> 0.088556008 | E58: 269.99 | K58: ='Solar Availability and Gener GR'!F58 -> 0.2448 | L58: 0.66914729 | M58: =K58-L58 -> -0.42434729 | N58: =IF(M58<0,"Buy from Grid","sell the surplus or charge") -> Buy from Grid | V58: =IF(D58+M58>0,"discharge","buy from the Grid") -> buy from the Grid | X58: =(M58*E58)/1000 -> -0.11456952 | Y58: =(L58*E58)/1000 -> 0.18066308 | AA58: =M58+AA57 -> -6.7002363 | AC58: =L58 -> 0.66914729 | AD58: =AC58+O58 -> 0.66914729
A59: 58 | B59: =IF(U59="charge",Q59,0) -> 0 | C59: =IF(V58="discharge",M58,0) -> 0 | D59: =(D58)+(B59*0.8)+(C59/0.8) -> 0.088556008 | E59: 198.49 | K59: ='Solar Availability and Gener GR'!F59 -> 0.7596 | L59: 0.39891473 | M59: =K59-L59 -> 0.36068527 | N59: =IF(M59<0,"Buy from Grid","sell the surplus or charge") -> sell the surplus or charge | O59: 0.25 | P59: =0.25/L59 -> 0.62670035 | Q59: =K59-P59*L59 -> 0.5096 | R59: =((1/(E59+0.01))*LN(0.25))+(E59*(K59-0.25)) -> 101.14352 | S59: =((1/(E59+0.01))*LN(L59))+(E59*(K59-L59)) -> 71.58779 | T59: =(S59+((S59^2)-4*(K59-L59*P59)*LN(L59*P59))^(0.5))/(2*(K59-L59*P59)) -> 140.49776 | U59: =IF(E59>=T59*1.1,"sell to the Grid","charge") -> sell to the Grid | W59: =(Q59*E59)/1000 -> 0.1011505 | Y59: =(L59*E59)/1000 -> 0.079180584 | AA59: =M59+AA58 -> -6.339551 | AD59: =AC59+O59 -> 0.25
A60: 59 | B60: =IF(U60="charge",Q60,0) -> 0 | C60: =IF(V59="discharge",M59,0) -> 0 | D60: =(D59)+(B60*0.8)+(C60/0.8) -> 0.088556008 | E60: 191.58 | K60: ='Solar Availability and Gener GR'!F60 -> 1.4328 | L60: 0.39891473 | M60: =K60-L60 -> 1.0338853 | N60: =IF(M60<0,"Buy from Grid","sell the surplus or charge") -> sell the surplus or charge | O60: 0.25 | P60: =0.25/L60 -> 0.62670035 | Q60: =K60-P60*L60 -> 1.1828 | R60: =((1/(E60+0.01))*LN(0.25))+(E60*(K60-0.25)) -> 226.59359 | S60: =((1/(E60+0.01))*LN(L60))+(E60*(K60-L60)) -> 198.06694 | T60: =(S60+((S60^2)-4*(K60-L60*P60)*LN(L60*P60))^(0.5))/(2*(K60-L60*P60)) -> 167.46299 | U60: =IF(E60>=T60*1.1,"sell to the Grid","charge") -> sell to the Grid | W60: =(Q60*E60)/1000 -> 0.22660082 | Y60: =(L60*E60)/1000 -> 0.076424084 | AA60: =M60+AA59 -> -5.3056657 | AD60: =AC60+O60 -> 0.25
A61: 60 | B61: =IF(U61="charge",Q61,0) -> 1.6616 | C61: =IF(V60="discharge",M60,0) -> 0 | D61: =(D60)+(B61*0.8)+(C61/0.8) -> 1.417836 | E61: 180.2 | K61: ='Solar Availability and Gener GR'!F61 -> 1.9116 | L61: 0.39891473 | M61: =K61-L61 -> 1.5126853 | N61: =IF(M61<0,"Buy from Grid","sell the surplus or charge") -> sell the surplus or charge | O61: 0.25 | P61: =0.25/L61 -> 0.62670035 | Q61: =K61-P61*L61 -> 1.6616 | R61: =((1/(E61+0.01))*LN(0.25))+(E61*(K61-0.25)) -> 299.41263 | S61: =((1/(E61+0.01))*LN(L61))+(E61*(K61-L61)) -> 272.58079 | T61: =(S61+((S61^2)-4*(K61-L61*P61)*LN(L61*P61))^(0.5))/(2*(K61-L61*P61)) -> 164.05226 | U61: =IF(E61>=T61*1.1,"sell to the Grid","charge") -> charge | Y61: =(L61*E61)/1000 -> 0.071884434 | AA61: =M61+AA60 -> -3.7929804 | AD61: =AC61+O61 -> 0.25
A62: 61 | B62: =IF(U62="charge",Q62,0) -> 1.9388 | C62: =IF(V61="discharge",M61,0) -> 0 | D62: =(D61)+(B62*0.8)+(C62/0.8) -> 2.968876 | E62: 175 | K62: ='Solar Availability and Gener GR'!F62 -> 2.1888 | L62: 0.39891473 | M62: =K62-L62 -> 1.7898853 | N62: =IF(M62<0,"Buy from Grid","sell the surplus or charge") -> sell the surplus or charge | O62: 0.25 | P62: =0.25/L62 -> 0.62670035 | Q62: =K62-P62*L62 -> 1.9388 | R62: =((1/(E62+0.01))*LN(0.25))+(E62*(K62-0.25)) -> 339.28208 | S62: =((1/(E62+0.01))*LN(L62))+(E62*(K62-L62)) -> 313.22467 | T62: =(S62+((S62^2)-4*(K62-L62*P62)*LN(L62*P62))^(0.5))/(2*(K62-L62*P62)) -> 161.56037 | U62: =IF(E62>=T62*1.1,"sell to the Grid","charge") -> charge | Y62: =(L62*E62)/1000 -> 0.069810078 | AA62: =M62+AA61 -> -2.0030952 | AD62: =AC62+O62 -> 0.25
A63: 62 | B63: =IF(U63="charge",Q63,0) -> 2.1008 | C63: =IF(V62="discharge",M62,0) -> 0 | D63: =(D62)+(B63*0.8)+(C63/0.8) -> 4.649516 | E63: 174.76 | K63: ='Solar Availability and Gener GR'!F63 -> 2.3508 | L63: 0.39891473 | M63: =K63-L63 -> 1.9518853 | N63: =IF(M63<0,"Buy from Grid","sell the surplus or charge") -> sell the surplus or charge | O63: 0.25 | P63: =0.25/L63 -> 0.62670035 | Q63: =K63-P63*L63 -> 2.1008 | R63: =((1/(E63+0.01))*LN(0.25))+(E63*(K63-0.25)) -> 367.12788 | S63: =((1/(E63+0.01))*LN(L63))+(E63*(K63-L63)) -> 341.10621 | T63: =(S63+((S63^2)-4*(K63-L63*P63)*LN(L63*P63))^(0.5))/(2*(K63-L63*P63)) -> 162.37374 | U63: =IF(E63>=T63*1.1,"sell to the Grid","charge") -> charge | Y63: =(L63*E63)/1000 -> 0.069714338 | AA63: =M63+AA62 -> -0.051209901 | AD63: =AC63+O63 -> 0.25
A64: 63 | B64: =IF(U64="charge",Q64,0) -> 1.9856 | C64: =IF(V63="discharge",M63,0) -> 0 | D64: =(D63)+(B64*0.8)+(C64/0.8) -> 6.237996 | E64: 180.2 | K64: ='Solar Availability and Gener GR'!F64 -> 2.2356 | L64: 0.39891473 | M64: =K64-L64 -> 1.8366853 | N64: =IF(M64<0,"Buy from Grid","sell the surplus or charge") -> sell the surplus or charge | O64: 0.25 | P64: =0.25/L64 -> 0.62670035 | Q64: =K64-P64*L64 -> 1.9856 | R64: =((1/(E64+0.01))*LN(0.25))+(E64*(K64-0.25)) -> 357.79743 | S64: =((1/(E64+0.01))*LN(L64))+(E64*(K64-L64)) -> 330.96559 | T64: =(S64+((S64^2)-4*(K64-L64*P64)*LN(L64*P64))^(0.5))/(2*(K64-L64*P64)) -> 166.6871 | U64: =IF(E64>=T64*1.1,"sell to the Grid","charge") -> charge | Y64: =(L64*E64)/1000 -> 0.071884434 | AA64: =M64+AA63 -> 1.7854754 | AD64: =AC64+O64 -> 0.25
A65: 64 | B65: =IF(U65="charge",Q65,0) -> 1.6976 | C65: =IF(V64="discharge",M64,0) -> 0 | D65: =(D64)+(B65*0.8)+(C65/0.8) -> 7.596076 | E65: 269.97 | K65: ='Solar Availability and Gener GR'!F65 -> 1.9476 | L65: 0.39891473 | M65: =K65-L65 -> 1.5486853 | N65: =IF(M65<0,"Buy from Grid","sell the surplus or charge") -> sell the surplus or charge | O65: 0.25 | P65: =0.25/L65 -> 0.62670035 | Q65: =K65-P65*L65 -> 1.6976 | R65: =((1/(E65+0.01))*LN(0.25))+(E65*(K65-0.25)) -> 458.29594 | S65: =((1/(E65+0.01))*LN(L65))+(E65*(K65-L65)) -> 418.09516 | T65: =(S65+((S65^2)-4*(K65-L65*P65)*LN(L65*P65))^(0.5))/(2*(K65-L65*P65)) -> 246.28934 | U65: =IF(E65>=T65*1.1,"sell to the Grid","charge") -> charge | Y65: =(L65*E65)/1000 -> 0.10769501 | AA65: =M65+AA64 -> 3.3341606 | AD65: =AC65+O65 -> 0.25
A66: 65 | B66: =IF(U66="charge",Q66,0) -> 0 | C66: =IF(V65="discharge",M65,0) -> 0 | D66: =(D65)+(B66*0.8)+(C66/0.8) -> 7.596076 | E66: 354.17 | K66: ='Solar Availability and Gener GR'!F66 -> 1.5048 | L66: 0.39891473 | M66: =K66-L66 -> 1.1058853 | N66: =IF(M66<0,"Buy from Grid","sell the surplus or charge") -> sell the surplus or charge | O66: 0.25 | P66: =0.25/L66 -> 0.62670035 | Q66: =K66-P66*L66 -> 1.2548 | R66: =((1/(E66+0.01))*LN(0.25))+(E66*(K66-0.25)) -> 444.4086 | S66: =((1/(E66+0.01))*LN(L66))+(E66*(K66-L66)) -> 391.66879 | T66: =(S66+((S66^2)-4*(K66-L66*P66)*LN(L66*P66))^(0.5))/(2*(K66-L66*P66)) -> 312.13997 | U66: =IF(E66>=T66*1.1,"sell to the Grid","charge") -> sell to the Grid | W66: =(Q66*E66)/1000 -> 0.44441252 | Y66: =(L66*E66)/1000 -> 0.14128363 | AA66: =M66+AA65 -> 4.4400459 | AD66: =AC66+O66 -> 0.25
A67: 66 | B67: =IF(U67="charge",Q67,0) -> 0 | C67: =IF(V66="discharge",M66,0) -> 0 | D67: =(D66)+(B67*0.8)+(C67/0.8) -> 7.596076 | E67: 369.17 | K67: ='Solar Availability and Gener GR'!F67 -> 0.9396 | L67: 0.65627907 | M67: =K67-L67 -> 0.28332093 | N67: =IF(M67<0,"Buy from Grid","sell the surplus or charge") -> sell the surplus or charge | O67: 0.25 | P67: =0.25/L67 -> 0.38093551 | Q67: =K67-P67*L67 -> 0.6896 | R67: =((1/(E67+0.01))*LN(0.25))+(E67*(K67-0.25)) -> 254.57588 | S67: =((1/(E67+0.01))*LN(L67))+(E67*(K67-L67)) -> 104.59245 | T67: =(S67+((S67^2)-4*(K67-L67*P67)*LN(L67*P67))^(0.5))/(2*(K67-L67*P67)) -> 151.68443 | U67: =IF(E67>=T67*1.1,"sell to the Grid","charge") -> sell to the Grid | W67: =(Q67*E67)/1000 -> 0.25457963 | Y67: =(L67*E67)/1000 -> 0.24227854 | AA67: =M67+AA66 -> 4.7233668 | AD67: =AC67+O67 -> 0.25
A68: 67 | B68: =IF(U68="charge",Q68,0) -> 0 | C68: =IF(V67="discharge",M67,0) -> 0 | D68: =(D67)+(B68*0.8)+(C68/0.8) -> 7.596076 | E68: 344.5 | K68: ='Solar Availability and Gener GR'!F68 -> 0.3456 | L68: 0.66914729 | M68: =K68-L68 -> -0.32354729 | N68: =IF(M68<0,"Buy from Grid","sell the surplus or charge") -> Buy from Grid | V68: =IF(D68+M68>0,"discharge","buy from the Grid") -> discharge | Y68: =(L68*E68)/1000 -> 0.23052124 | AA68: =M68+AA67 -> 4.3998196 | AD68: =AC68+O68 -> 0
A69: 68 | B69: =IF(U69="charge",Q69,0) -> 0 | C69: =IF(V68="discharge",M68,0) -> -0.32354729 | D69: =(D68)+(B69*0.8)+(C69/0.8) -> 7.1916419 | E69: 349.17 | K69: ='Solar Availability and Gener GR'!F69 -> 0.0288 | L69: 0.65627907 | M69: =K69-L69 -> -0.62747907 | N69: =IF(M69<0,"Buy from Grid","sell the surplus or charge") -> Buy from Grid | V69: =IF(D69+M69>0,"discharge","buy from the Grid") -> discharge | Y69: =(L69*E69)/1000 -> 0.22915296 | AA69: =M69+AA68 -> 3.7723405 | AD69: =AC69+O69 -> 0
A70: 69 | B70: =IF(U70="charge",Q70,0) -> 0 | C70: =IF(V69="discharge",M69,0) -> -0.62747907 | D70: =(D69)+(B70*0.8)+(C70/0.8) -> 6.4072931 | E70: 343 | K70: ='Solar Availability and Gener GR'!F70 -> 0 | L70: 0.66914729 | M70: =K70-L70 -> -0.66914729 | N70: =IF(M70<0,"Buy from Grid","sell the surplus or charge") -> Buy from Grid | V70: =IF(D70+M70>0,"discharge","buy from the Grid") -> discharge | Y70: =(L70*E70)/1000 -> 0.22951752 | AA70: =M70+AA69 -> 3.1031932 | AD70: =AC70+O70 -> 0
A71: 70 | B71: =IF(U71="charge",Q71,0) -> 0 | C71: =IF(V70="discharge",M70,0) -> -0.66914729 | D71: =(D70)+(B71*0.8)+(C71/0.8) -> 5.570859 | E71: 270.76 | K71: ='Solar Availability and Gener GR'!F71 -> 0 | L71: 0.39891473 | M71: =K71-L71 -> -0.39891473 | N71: =IF(M71<0,"Buy from Grid","sell the surplus or charge") -> Buy from Grid | V71: =IF(D71+M71>0,"discharge","buy from the Grid") -> discharge | Y71: =(L71*E71)/1000 -> 0.10801015 | AA71: =M71+AA70 -> 2.7042785 | AD71: =AC71+O71 -> 0
A72: 71 | B72: =IF(U72="charge",Q72,0) -> 0 | C72: =IF(V71="discharge",M71,0) -> -0.39891473 | D72: =(D71)+(B72*0.8)+(C72/0.8) -> 5.0722155 | E72: 243.82 | K72: ='Solar Availability and Gener GR'!F72 -> 0 | L72: 0.39891473 | M72: =K72-L72 -> -0.39891473 | N72: =IF(M72<0,"Buy from Grid","sell the surplus or charge") -> Buy from Grid | V72: =IF(D72+M72>0,"discharge","buy from the Grid") -> discharge | Y72: =(L72*E72)/1000 -> 0.097263389 | AA72: =M72+AA71 -> 2.3053637 | AD72: =AC72+O72 -> 0
A73: 72 | B73: =IF(U73="charge",Q73,0) -> 0 | C73: =IF(V72="discharge",M72,0) -> -0.39891473 | D73: =(D72)+(B73*0.8)+(C73/0.8) -> 4.5735721 | E73: 149.99 | K73: ='Solar Availability and Gener GR'!F73 -> 0 | L73: 0.39891473 | M73: =K73-L73 -> -0.39891473 | N73: =IF(M73<0,"Buy from Grid","sell the surplus or charge") -> Buy from Grid | V73: =IF(D73+M73>0,"discharge","buy from the Grid") -> discharge | Y73: =(L73*E73)/1000 -> 0.05983322 | AA73: =M73+AA72 -> 1.906449 | AD73: =AC73+O73 -> 0
A74: 73 | B74: =IF(U74="charge",Q74,0) -> 0 | C74: =IF(V73="discharge",M73,0) -> -0.39891473 | D74: =(D73)+(B74*0.8)+(C74/0.8) -> 4.0749287 | E74: 151.68 | K74: ='Solar Availability and Gener GR'!F74 -> 0 | L74: 0.29596899 | M74: =K74-L74 -> -0.29596899 | N74: =IF(M74<0,"Buy from Grid","sell the surplus or charge") -> Buy from Grid | V74: =IF(D74+M74>0,"discharge","buy from the Grid") -> discharge | Y74: =(L74*E74)/1000 -> 0.044892577 | AA74: =M74+AA73 -> 1.61048 | AD74: =AC74+O74 -> 0
A75: 74 | B75: =IF(U75="charge",Q75,0) -> 0 | C75: =IF(V74="discharge",M74,0) -> -0.29596899 | D75: =(D74)+(B75*0.8)+(C75/0.8) -> 3.7049675 | E75: 216.29 | K75: ='Solar Availability and Gener GR'!F75 -> 0 | L75: 0.29596899 | M75: =K75-L75 -> -0.29596899 | N75: =IF(M75<0,"Buy from Grid","sell the surplus or charge") -> Buy from Grid | V75: =IF(D75+M75>0,"discharge","buy from the Grid") -> discharge | Y75: =(L75*E75)/1000 -> 0.064015133 | AA75: =M75+AA74 -> 1.314511 | AD75: =AC75+O75 -> 0
A76: 75 | B76: =IF(U76="charge",Q76,0) -> 0 | C76: =IF(V75="discharge",M75,0) -> -0.29596899 | D76: =(D75)+(B76*0.8)+(C76/0.8) -> 3.3350062 | E76: 155.18 | K76: ='Solar Availability and Gener GR'!F76 -> 0 | L76: 0.29596899 | M76: =K76-L76 -> -0.29596899 | N76: =IF(M76<0,"Buy from Grid","sell the surplus or charge") -> Buy from Grid | V76: =IF(D76+M76>0,"discharge","buy from the Grid") -> discharge | Y76: =(L76*E76)/1000 -> 0.045928468 | AA76: =M76+AA75 -> 1.018542 | AD76: =AC76+O76 -> 0
A77: 76 | B77: =IF(U77="charge",Q77,0) -> 0 | C77: =IF(V76="discharge",M76,0) -> -0.29596899 | D77: =(D76)+(B77*0.8)+(C77/0.8) -> 2.965045 | E77: 130 | K77: ='Solar Availability and Gener GR'!F77 -> 0 | L77: 0.29596899 | M77: =K77-L77 -> -0.29596899 | N77: =IF(M77<0,"Buy from Grid","sell the surplus or charge") -> Buy from Grid | V77: =IF(D77+M77>0,"discharge","buy from the Grid") -> discharge | Y77: =(L77*E77)/1000 -> 0.038475969 | AA77: =M77+AA76 -> 0.72257304 | AD77: =AC77+O77 -> 0
